Tag,Chromophore,Solvent,X,Y
0,CCC(=O)c1ccc2cc(N(C)C)ccc2c1,C1CCCCC1,0.169690979,0.006685098
1,CCC(=O)c1ccc2cc(N(C)C)ccc2c1,c1ccccc1,0.164626279,0.01109527
2,CCC(=O)c1ccc2cc(N(C)C)ccc2c1,CCN(CC)CC,0.167469224,0.008560304
3,CCC(=O)c1ccc2cc(N(C)C)ccc2c1,Clc1ccccc1,0.157068433,0.021500657
4,CCC(=O)c1ccc2cc(N(C)C)ccc2c1,CC(C)=O,0.141890831,0.062883865
5,CCC(=O)c1ccc2cc(N(C)C)ccc2c1,OCCO,0.23187865,0.489682324
6,CCC(=O)c1ccc2cc(N(C)C)ccc2c1,OCC(O)CO,0.158427156,0.543536848
7,CCC(=O)c1ccc2cc(N(C)C)ccc2c1,O,0.269464986,0.6211806
8,CN(C)c1ccc(/C=C/c2nc3c4ccccc4c4ccccc4c3[nH]2)cc1,CCOCC,0.146904001,0.11753885
9,CN(C)c1ccc(/C=C/c2nc3c4ccccc4c4ccccc4c3[nH]2)cc1,C1CCOC1,0.146787315,0.166224876
10,CN(C)c1ccc(/C=C/c2nc3c4ccccc4c4ccccc4c3[nH]2)cc1,CS(C)=O,0.146861111,0.244927187
11,Cn1c(/C=C/c2ccc(/C=C/c3nc4ccccc4[nH]3)cc2)[n+](C)c2ccccc21,C1CCOC1,0.462863867,0.518683752
12,Cn1c(/C=C/c2ccc(/C=C/c3nc4ccccc4[nH]3)cc2)[n+](C)c2ccccc21,CC(C)=O,0.465548526,0.50946765
13,Cn1c(/C=C/c2ccc(/C=C/c3nc4ccccc4[nH]3)cc2)[n+](C)c2ccccc21,CN(C)C=O,0.47009729,0.505960466
14,Cn1c(/C=C/c2ccc(/C=C/c3nc4ccccc4[nH]3)cc2)[n+](C)c2ccccc21,CS(C)=O,0.474919371,0.502544954
15,Cn1c(/C=C/c2ccc(/C=C/c3nc4ccccc4[nH]3)cc2)[n+](C)c2ccccc21,CO,0.425935833,0.526958765
16,Cn1c(/C=C/c2ccc(/C=C/c3nc4ccccc4[nH]3)cc2)[n+](C)c2ccccc21,CC#N,0.453604069,0.515846197
17,Cn1c(/C=C/c2ccc(/C=C/c3nc4ccccc4[nH]3)cc2)[n+](C)c2ccccc21,O,0.440802958,0.513793712
18,Cn1c(=O)c(/N=N/c2ccc(Nc3ccc([N+](=O)[O-])cc3S(=O)(=O)O)cc2)c(O)c2ccccc21,Cc1ccccc1,0.544819205,0.450627363
19,Cn1c(=O)c(/N=N/c2ccc(Nc3ccccc3)c(S(=O)(=O)O)c2)c(O)c2ccccc21,Cc1ccccc1,0.089464383,0.466196491
20,Cn1c(=O)c(/N=N/c2ccc(/N=N/c3ccc(S(=O)(=O)O)cc3)cc2)c(O)c2ccccc21,Cc1ccccc1,0.321939626,0.567892421
21,COc1ccc(/N=N/c2c(O)c3ccccc3n(C)c2=O)c(S(=O)(=O)O)c1,Cc1ccccc1,0.194225407,0.617335047
22,Cn1c(=O)c(/N=N/c2cc(S(=O)(=O)O)ccc2S(=O)(=O)O)c(O)c2ccccc21,Cc1ccccc1,0.172251086,0.320462792
23,CC(=O)Nc1ccc(S(=O)(=O)O)c(/N=N/c2c(O)c3ccccc3n(C)c2=O)c1,Cc1ccccc1,0.226988808,0.524492872
24,Cn1c(=O)c(/N=N/c2cc(S(=O)(=O)O)ccc2C(=O)O)c(O)c2ccccc21,Cc1ccccc1,0.195523137,0.475407247
25,Cn1c(=O)c(/N=N/c2ccc(S(=O)(=O)O)c3ccccc23)c(O)c2ccccc21,Cc1ccccc1,0.318966889,0.608135445
26,Cn1c(=O)c(/N=N/c2ccc(Nc3ccc([N+](=O)[O-])cc3S(=O)(=O)O)cc2)c(O)c2ccccc21,ClCCl,0.56315466,0.433095038
27,Cn1c(=O)c(/N=N/c2ccc(Nc3ccccc3)c(S(=O)(=O)O)c2)c(O)c2ccccc21,ClCCl,0.253027442,0.42292145
28,Cn1c(=O)c(/N=N/c2ccc(/N=N/c3ccc(S(=O)(=O)O)cc3)cc2)c(O)c2ccccc21,ClCCl,0.337118725,0.554350991
29,COc1ccc(/N=N/c2c(O)c3ccccc3n(C)c2=O)c(S(=O)(=O)O)c1,ClCCl,0.340260062,0.559767381
30,Cn1c(=O)c(/N=N/c2cc(S(=O)(=O)O)ccc2S(=O)(=O)O)c(O)c2ccccc21,ClCCl,0.221891028,0.337436316
31,CC(=O)Nc1ccc(S(=O)(=O)O)c(/N=N/c2c(O)c3ccccc3n(C)c2=O)c1,ClCCl,0.281668756,0.545900395
32,Cn1c(=O)c(/N=N/c2cc(S(=O)(=O)O)ccc2C(=O)O)c(O)c2ccccc21,ClCCl,0.228084472,0.509255139
33,Cn1c(=O)c(/N=N/c2ccc(S(=O)(=O)O)c3ccccc23)c(O)c2ccccc21,ClCCl,0.337118725,0.554350991
34,Cn1c(=O)c(/N=N/c2ccc(Nc3ccc([N+](=O)[O-])cc3S(=O)(=O)O)cc2)c(O)c2ccccc21,C1CCOC1,0.570287882,0.427018523
35,Cn1c(=O)c(/N=N/c2ccc(Nc3ccccc3)c(S(=O)(=O)O)c2)c(O)c2ccccc21,C1CCOC1,0.22272087,0.383086072
36,Cn1c(=O)c(/N=N/c2ccc(/N=N/c3ccc(S(=O)(=O)O)cc3)cc2)c(O)c2ccccc21,C1CCOC1,0.319698952,0.558852053
37,COc1ccc(/N=N/c2c(O)c3ccccc3n(C)c2=O)c(S(=O)(=O)O)c1,C1CCOC1,0.214618215,0.685335898
38,Cn1c(=O)c(/N=N/c2cc(S(=O)(=O)O)ccc2S(=O)(=O)O)c(O)c2ccccc21,C1CCOC1,0.161175652,0.386846122
39,CC(=O)Nc1ccc(S(=O)(=O)O)c(/N=N/c2c(O)c3ccccc3n(C)c2=O)c1,C1CCOC1,0.25073257,0.555526995
40,Cn1c(=O)c(/N=N/c2cc(S(=O)(=O)O)ccc2C(=O)O)c(O)c2ccccc21,C1CCOC1,0.249289163,0.558943989
41,Cn1c(=O)c(/N=N/c2ccc(S(=O)(=O)O)c3ccccc23)c(O)c2ccccc21,C1CCOC1,0.353523379,0.604956029
42,Cn1c(=O)c(/N=N/c2ccc(Nc3ccc([N+](=O)[O-])cc3S(=O)(=O)O)cc2)c(O)c2ccccc21,CCOC(C)=O,0.541016874,0.452419049
43,Cn1c(=O)c(/N=N/c2ccc(Nc3ccccc3)c(S(=O)(=O)O)c2)c(O)c2ccccc21,CCOC(C)=O,0.185888525,0.419951694
44,Cn1c(=O)c(/N=N/c2ccc(/N=N/c3ccc(S(=O)(=O)O)cc3)cc2)c(O)c2ccccc21,CCOC(C)=O,0.318489829,0.544543494
45,COc1ccc(/N=N/c2c(O)c3ccccc3n(C)c2=O)c(S(=O)(=O)O)c1,CCOC(C)=O,0.287267094,0.482412754
46,Cn1c(=O)c(/N=N/c2cc(S(=O)(=O)O)ccc2S(=O)(=O)O)c(O)c2ccccc21,CCOC(C)=O,0.199721006,0.339042536
47,CC(=O)Nc1ccc(S(=O)(=O)O)c(/N=N/c2c(O)c3ccccc3n(C)c2=O)c1,CCOC(C)=O,0.264535492,0.521250821
48,Cn1c(=O)c(/N=N/c2cc(S(=O)(=O)O)ccc2C(=O)O)c(O)c2ccccc21,CCOC(C)=O,0.275340765,0.564339939
49,Cn1c(=O)c(/N=N/c2ccc(S(=O)(=O)O)c3ccccc23)c(O)c2ccccc21,CCOC(C)=O,0.38942345,0.54778542
50,Cn1c(=O)c(/N=N/c2ccc(Nc3ccc([N+](=O)[O-])cc3S(=O)(=O)O)cc2)c(O)c2ccccc21,CO,0.556171144,0.43867171
51,Cn1c(=O)c(/N=N/c2ccc(Nc3ccccc3)c(S(=O)(=O)O)c2)c(O)c2ccccc21,CO,0.135969585,0.562126992
52,Cn1c(=O)c(/N=N/c2ccc(/N=N/c3ccc(S(=O)(=O)O)cc3)cc2)c(O)c2ccccc21,CO,0.329868732,0.54956972
53,COc1ccc(/N=N/c2c(O)c3ccccc3n(C)c2=O)c(S(=O)(=O)O)c1,CO,0.300718541,0.546055088
54,Cn1c(=O)c(/N=N/c2cc(S(=O)(=O)O)ccc2S(=O)(=O)O)c(O)c2ccccc21,CO,0.169330183,0.280354448
55,CC(=O)Nc1ccc(S(=O)(=O)O)c(/N=N/c2c(O)c3ccccc3n(C)c2=O)c1,CO,0.239576703,0.443868897
56,Cn1c(=O)c(/N=N/c2cc(S(=O)(=O)O)ccc2C(=O)O)c(O)c2ccccc21,CO,0.297631973,0.557189673
57,Cn1c(=O)c(/N=N/c2ccc(S(=O)(=O)O)c3ccccc23)c(O)c2ccccc21,CO,0.413272952,0.539676145
58,Cn1c(=O)c(/N=N/c2ccc(Nc3ccc([N+](=O)[O-])cc3S(=O)(=O)O)cc2)c(O)c2ccccc21,CC(C)=O,0.567880056,0.428961801
59,Cn1c(=O)c(/N=N/c2ccc(Nc3ccccc3)c(S(=O)(=O)O)c2)c(O)c2ccccc21,CC(C)=O,0.144168098,0.598622214
60,Cn1c(=O)c(/N=N/c2ccc(/N=N/c3ccc(S(=O)(=O)O)cc3)cc2)c(O)c2ccccc21,CC(C)=O,0.315123468,0.559833843
61,COc1ccc(/N=N/c2c(O)c3ccccc3n(C)c2=O)c(S(=O)(=O)O)c1,CC(C)=O,0.260821955,0.60183893
62,Cn1c(=O)c(/N=N/c2cc(S(=O)(=O)O)ccc2S(=O)(=O)O)c(O)c2ccccc21,CC(C)=O,0.15698279,0.325362494
63,CC(=O)Nc1ccc(S(=O)(=O)O)c(/N=N/c2c(O)c3ccccc3n(C)c2=O)c1,CC(C)=O,0.22650347,0.512264725
64,Cn1c(=O)c(/N=N/c2cc(S(=O)(=O)O)ccc2C(=O)O)c(O)c2ccccc21,CC(C)=O,0.314517571,0.594498089
65,Cn1c(=O)c(/N=N/c2ccc(S(=O)(=O)O)c3ccccc23)c(O)c2ccccc21,CC(C)=O,0.425349151,0.554750001
66,Cn1c(=O)c(/N=N/c2ccc(Nc3ccc([N+](=O)[O-])cc3S(=O)(=O)O)cc2)c(O)c2ccccc21,CS(C)=O,0.574549546,0.422530182
67,Cn1c(=O)c(/N=N/c2ccc(Nc3ccccc3)c(S(=O)(=O)O)c2)c(O)c2ccccc21,CS(C)=O,0.138439132,0.255727739
68,Cn1c(=O)c(/N=N/c2ccc(/N=N/c3ccc(S(=O)(=O)O)cc3)cc2)c(O)c2ccccc21,CS(C)=O,0.331580575,0.562640354
69,COc1ccc(/N=N/c2c(O)c3ccccc3n(C)c2=O)c(S(=O)(=O)O)c1,CS(C)=O,0.362018811,0.572765313
70,Cn1c(=O)c(/N=N/c2cc(S(=O)(=O)O)ccc2S(=O)(=O)O)c(O)c2ccccc21,CS(C)=O,0.180104501,0.321697333
71,CC(=O)Nc1ccc(S(=O)(=O)O)c(/N=N/c2c(O)c3ccccc3n(C)c2=O)c1,CS(C)=O,0.278697893,0.524697847
72,Cn1c(=O)c(/N=N/c2cc(S(=O)(=O)O)ccc2C(=O)O)c(O)c2ccccc21,CS(C)=O,0.149603913,0.285813447
73,Cn1c(=O)c(/N=N/c2ccc(S(=O)(=O)O)c3ccccc23)c(O)c2ccccc21,CS(C)=O,0.44551063,0.528989386
74,Cn1c(=O)c(/N=N/c2ccc(Nc3ccc([N+](=O)[O-])cc3S(=O)(=O)O)cc2)c(O)c2ccccc21,O,0.600310441,0.397996926
75,Cn1c(=O)c(/N=N/c2ccc(Nc3ccccc3)c(S(=O)(=O)O)c2)c(O)c2ccccc21,O,0.287878703,0.672230419
76,Cn1c(=O)c(/N=N/c2ccc(/N=N/c3ccc(S(=O)(=O)O)cc3)cc2)c(O)c2ccccc21,O,0.37420484,0.568758503
77,COc1ccc(/N=N/c2c(O)c3ccccc3n(C)c2=O)c(S(=O)(=O)O)c1,O,0.499953877,0.494547662
78,Cn1c(=O)c(/N=N/c2cc(S(=O)(=O)O)ccc2S(=O)(=O)O)c(O)c2ccccc21,O,0.210579932,0.377428896
79,CC(=O)Nc1ccc(S(=O)(=O)O)c(/N=N/c2c(O)c3ccccc3n(C)c2=O)c1,O,0.366288113,0.570314853
80,Cn1c(=O)c(/N=N/c2cc(S(=O)(=O)O)ccc2C(=O)O)c(O)c2ccccc21,O,0.381603128,0.571171759
81,Cn1c(=O)c(/N=N/c2ccc(S(=O)(=O)O)c3ccccc23)c(O)c2ccccc21,O,0.48463527,0.503745087
82,CN(C)c1ccc(/C=C/c2nc3c4ccccc4c4ccccc4c3[nH]2)cc1,CCOCC,0.147971413,0.122911915
83,CN(C)c1ccc(/C=C/c2nc3c4ccccc4c4ccccc4c3[nH]2)cc1,C1CCOC1,0.146992711,0.166794925
84,CN(C)c1ccc(/C=C/c2nc3c4ccccc4c4ccccc4c3[nH]2)cc1,CS(C)=O,0.145842399,0.243756269
85,Nc1nc2c(ncn2[C@H]2C[C@H](O)[C@@H](CO)O2)c(=O)[nH]1,O,0.157646304,0.04933822
86,Nc1nc2c([nH]c(=O)n2[C@H]2C[C@H](O)[C@@H](CO)O2)c(=O)[nH]1,O,0.162557087,0.097817472
87,CCCCCCn1c2cc(/C=C/c3ccccc3)ccc2c2ccc(/C=C/c3ccccc3)cc21,ClC(Cl)Cl,0.161642508,0.015302724
88,CCCCCCn1c2cc(/C=C(\C#N)c3ccccc3)ccc2c2ccc(/C=C(\C#N)c3ccccc3)cc21,ClC(Cl)Cl,0.135029971,0.161206944
89,CCCCCCn1c2cc(/C=C/c3cccs3)ccc2c2ccc(/C=C/c3cccs3)cc21,ClC(Cl)Cl,0.157141379,0.021955208
90,CCCCCCn1c2cc(/C=C(\C#N)c3cccs3)ccc2c2ccc(/C=C(\C#N)c3cccs3)cc21,ClC(Cl)Cl,0.133982164,0.157559117
91,C(#Cc1ccccc1C#Cc1ccccc1)c1ccccc1,CC#N,0.163344455,0.015345772
92,Fc1nc(F)c(F)c(C#Cc2ccccc2C#Cc2c(F)c(F)nc(F)c2F)c1F,CC#N,0.164687614,0.012669369
93,Fc1nc(F)c(F)c(C#Cc2cc3c(cc2C#Cc2c(F)c(F)nc(F)c2F)OC2(CCCCC2)O3)c1F,CC#N,0.138593707,0.120595776
94,Fc1nc(F)c(F)c(/C=C2/C(c3c(F)c(F)nc(F)c3F)=Cc3ccccc32)c1F,CC#N,0.162067839,0.016019849
95,N#Cc1cc(C#Cc2c(F)c(F)nc(F)c2F)c(C#Cc2c(F)c(F)nc(F)c2F)cc1C#N,CC#N,0.164687614,0.012669369
96,COc1ccc(C#Cc2ccccc2C#Cc2ccc(OC)cc2)cc1,CC#N,0.161928374,0.017260022
97,COc1cc(C#Cc2ccccc2)c(C#Cc2ccccc2)cc1OC,CC#N,0.163858328,0.01366059
98,C(#Cc1nccnc1C#Cc1ccccc1)c1ccccc1,CC#N,0.163858328,0.01366059
99,Fc1nc(F)c(F)c(C#Cc2nccnc2C#Cc2c(F)c(F)nc(F)c2F)c1F,CC#N,0.15388025,0.129941354
100,COC(=O)C(Cc1ccc2oc(-c3ccc(N(C)c4ccccc4)cc3)nc2c1)NC(=O)OC(C)(C)C,CO,0.325504813,0.467632253
101,COC(=O)C(Cc1ccc2oc(-c3ccc(N(C)c4ccccc4)cc3)nc2c1)NC(=O)OC(C)(C)C,NC=O,0.186326774,0.197316403
102,COC(=O)C(Cc1ccc2oc(-c3ccc(N(C)c4ccccc4)cc3)nc2c1)NC(=O)OC(C)(C)C,CC#N,0.255417129,0.450957807
103,COC(=O)C(Cc1ccc2oc(-c3ccc(N(C)c4ccccc4)cc3)nc2c1)NC(=O)OC(C)(C)C,CCCCC,0.166367488,0.009734176
104,COC(=O)C(Cc1ccc2oc(-c3ccc(N(C)c4ccccc4)cc3)nc2c1)NC(=O)OC(C)(C)C,CC1COC(=O)O1,0.292364847,0.387653129
105,COC(=O)C(Cc1ccc2oc(-c3ccc(N(C)c4ccccc4)cc3)nc2c1)NC(=O)OC(C)(C)C,CN(C)C=O,0.264204562,0.438597569
106,COC(=O)C(Cc1ccc2oc(-c3ccc(N(C)C)cc3)nc2c1)NC(=O)OC(C)(C)C,CO,0.16458784,0.011756376
107,COC(=O)C(Cc1ccc2oc(-c3ccc(N(C)C)cc3)nc2c1)NC(=O)OC(C)(C)C,NC=O,0.162996721,0.013523179
108,COC(=O)C(Cc1ccc2oc(-c3ccc(N(C)C)cc3)nc2c1)NC(=O)OC(C)(C)C,CC#N,0.166629829,0.009580679
109,COC(=O)C(Cc1ccc2oc(-c3ccc(N(C)C)cc3)nc2c1)NC(=O)OC(C)(C)C,CCCCC,0.168643092,0.007845362
110,COC(=O)C(Cc1ccc2oc(-c3ccc(N(C)C)cc3)nc2c1)NC(=O)OC(C)(C)C,CC1COC(=O)O1,0.163922601,0.012608367
111,COC(=O)C(Cc1ccc2oc(-c3ccc(N(C)C)cc3)nc2c1)NC(=O)OC(C)(C)C,CN(C)C=O,0.165359174,0.010903056
112,COC(=O)C(Cc1ccc2oc(-c3ccc(Nc4ccccc4)cc3)nc2c1)NC(=O)OC(C)(C)C,CO,0.172875488,0.205706584
113,COC(=O)C(Cc1ccc2oc(-c3ccc(Nc4ccccc4)cc3)nc2c1)NC(=O)OC(C)(C)C,NC=O,0.152820018,0.139908614
114,COC(=O)C(Cc1ccc2oc(-c3ccc(Nc4ccccc4)cc3)nc2c1)NC(=O)OC(C)(C)C,CC#N,0.160079853,0.170750297
115,COC(=O)C(Cc1ccc2oc(-c3ccc(Nc4ccccc4)cc3)nc2c1)NC(=O)OC(C)(C)C,CCCCC,0.166469239,0.010007247
116,COC(=O)C(Cc1ccc2oc(-c3ccc(Nc4ccccc4)cc3)nc2c1)NC(=O)OC(C)(C)C,CC1COC(=O)O1,0.148822672,0.153737225
117,COC(=O)C(Cc1ccc2oc(-c3ccc(Nc4ccccc4)cc3)nc2c1)NC(=O)OC(C)(C)C,CN(C)C=O,0.148305786,0.123122353
118,CC1(C)c2cc(C#N)ccc2-c2ccc(N3c4ccccc4Oc4ccccc43)cc21,C1CCCCC1,0.154833411,0.025790685
119,CC1(C)c2cc(C#N)ccc2-c2ccc(N3c4ccccc4Oc4ccccc43)cc21,Cc1ccccc1,0.150213096,0.293263861
120,CC1(C)c2cc(C#N)ccc2-c2ccc(N3c4ccccc4Oc4ccccc43)cc21,ClC(Cl)Cl,0.29342035,0.539103774
121,CC1(C)c2cc(C#N)ccc2-c2ccc(N3c4ccccc4Oc4ccccc43)cc21,C1CCOC1,0.36988048,0.521943258
122,CC1(C)c2cc(C#N)ccc2-c2ccc(N3c4ccccc4Oc4ccccc43)cc21,CC#N,0.516840869,0.463402715
123,O=C(O)c1cc2c(ccc3ccccc32)oc1=O,C1COCCO1,0.149574572,0.057536939
124,O=C(O)c1cc2c(ccc3ccccc32)oc1=O,CCCCO,0.147460278,0.050932666
125,O=C(O)c1cc2c(ccc3ccccc32)oc1=O,CC#N,0.14504122,0.055852604
126,O=C(O)c1cc2c(ccc3ccccc32)oc1=O,CCO,0.153068872,0.033023939
127,O=C(O)c1cc2c(ccc3ccccc32)oc1=O,CO,0.151777223,0.037034521
128,O=C(O)c1cc2c(ccc3ccccc32)oc1=O,O,0.139246237,0.124600423
129,O=C([O-])c1cc2c(ccc3ccccc32)oc1=O,O,0.150450391,0.047714104
130,c1csc(-c2cnc(-c3cccs3)c3nonc23)c1,CCCCCC,0.419288439,0.535659258
131,c1csc(-c2cnc(-c3cccs3)c3nonc23)c1,C1CCCCC1,0.429584189,0.532635104
132,c1csc(-c2cnc(-c3cccs3)c3nonc23)c1,ClC(Cl)(Cl)Cl,0.466614128,0.509605079
133,c1csc(-c2cnc(-c3cccs3)c3nonc23)c1,c1ccccc1,0.519867397,0.470222392
134,c1csc(-c2cnc(-c3cccs3)c3nonc23)c1,Cc1ccccc1,0.519283368,0.471066082
135,c1csc(-c2cnc(-c3cccs3)c3nonc23)c1,CCOCC,0.485218648,0.496849897
136,c1csc(-c2cnc(-c3cccs3)c3nonc23)c1,ClC(Cl)Cl,0.531651977,0.458756463
137,c1csc(-c2cnc(-c3cccs3)c3nonc23)c1,c1ccc2ncccc2c1,0.557729807,0.436486077
138,c1csc(-c2cnc(-c3cccs3)c3nonc23)c1,c1ccncc1,0.546181436,0.446881279
139,c1csc(-c2cnc(-c3cccs3)c3nonc23)c1,OCc1ccccc1,0.597730277,0.400732984
140,c1csc(-c2cnc(-c3cccs3)c3nonc23)c1,CCCO,0.528532419,0.460751188
141,c1csc(-c2cnc(-c3cccs3)c3nonc23)c1,CC(C)=O,0.538170339,0.453980604
142,c1csc(-c2cnc(-c3cccs3)c3nonc23)c1,CCO,0.535246736,0.455438736
143,c1csc(-c2cnc(-c3cccs3)c3nonc23)c1,CO,0.539652726,0.451864417
144,c1csc(-c2cnc(-c3cccs3)c3nonc23)c1,O=[N+]([O-])c1ccccc1,0.546018477,0.447657498
145,c1csc(-c2cnc(-c3cccs3)c3nonc23)c1,OCC(O)CO,0.560297655,0.433324836
146,CN(C)c1ccc(C2=Cc3cccc[n+]3[B-](F)(F)O2)cc1,CC1CCCCC1,0.144593103,0.056674057
147,CN(C)c1ccc(C2=Cc3cccc[n+]3[B-](F)(F)O2)cc1,CCOCC,0.120177295,0.17387375
148,CN(C)c1ccc(C2=Cc3cccc[n+]3[B-](F)(F)O2)cc1,C1COCCO1,0.119566907,0.264503652
149,CN(C)c1ccc(C2=Cc3cccc[n+]3[B-](F)(F)O2)cc1,CCOC(C)=O,0.134395624,0.414103062
150,CN(C)c1ccc(C2=Cc3cccc[n+]3[B-](F)(F)O2)cc1,C1CCOC1,0.155699475,0.400406429
151,CN(C)c1ccc(C2=Cc3cccc[n+]3[B-](F)(F)O2)cc1,COC(C)=O,0.219299157,0.499881925
152,CN(C)c1ccc(C2=Cc3cccc[n+]3[B-](F)(F)O2)cc1,CC#N,0.275620777,0.563556037
153,CN(C)c1ccc(C2=Cc3cccc[n+]3[B-](F)(F)O2)cc1,CN(C)C=O,0.260375515,0.629269297
154,CN(C)c1ccc(C2=Cc3cccc[n+]3[B-](F)(F)O2)cc1,ClC(Cl)Cl,0.120309322,0.308553634
155,CN(C)c1ccc(C2=Cc3cccc[n+]3[B-](F)(F)O2)cc1,CO,0.229972593,0.518606596
156,CN(C)c1ccc(C2=Cc3ccc4ccccc4[n+]3[B-](F)(F)O2)cc1,CC1CCCCC1,0.111363688,0.154575492
157,CN(C)c1ccc(C2=Cc3ccc4ccccc4[n+]3[B-](F)(F)O2)cc1,CCOCC,0.152485294,0.537154016
158,CN(C)c1ccc(C2=Cc3ccc4ccccc4[n+]3[B-](F)(F)O2)cc1,C1COCCO1,0.182939917,0.593691104
159,CN(C)c1ccc(C2=Cc3ccc4ccccc4[n+]3[B-](F)(F)O2)cc1,CCOC(C)=O,0.291443945,0.605623025
160,CN(C)c1ccc(C2=Cc3ccc4ccccc4[n+]3[B-](F)(F)O2)cc1,C1CCOC1,0.319436855,0.606825941
161,CN(C)c1ccc(C2=Cc3ccc4ccccc4[n+]3[B-](F)(F)O2)cc1,COC(C)=O,0.416072163,0.549913294
162,CN(C)c1ccc(C2=Cc3ccc4ccccc4[n+]3[B-](F)(F)O2)cc1,CC#N,0.450020543,0.523776447
163,CN(C)c1ccc(C2=Cc3ccc4ccccc4[n+]3[B-](F)(F)O2)cc1,CN(C)C=O,0.472841792,0.507823753
164,CN(C)c1ccc(C2=Cc3ccc4ccccc4[n+]3[B-](F)(F)O2)cc1,ClC(Cl)Cl,0.204126948,0.62705935
165,CN(C)c1ccc(C2=Cc3ccc4ccccc4[n+]3[B-](F)(F)O2)cc1,CO,0.423047417,0.54518875
166,CN(C)c1ccc(C2=Cc3c4ccccc4cc[n+]3[B-](F)(F)O2)cc1,CC1CCCCC1,0.116576751,0.173788483
167,CN(C)c1ccc(C2=Cc3c4ccccc4cc[n+]3[B-](F)(F)O2)cc1,CCOCC,0.124233309,0.480698251
168,CN(C)c1ccc(C2=Cc3c4ccccc4cc[n+]3[B-](F)(F)O2)cc1,C1COCCO1,0.139426829,0.540620999
169,CN(C)c1ccc(C2=Cc3c4ccccc4cc[n+]3[B-](F)(F)O2)cc1,CCOC(C)=O,0.208017591,0.604874584
170,CN(C)c1ccc(C2=Cc3c4ccccc4cc[n+]3[B-](F)(F)O2)cc1,C1CCOC1,0.247054925,0.633110015
171,CN(C)c1ccc(C2=Cc3c4ccccc4cc[n+]3[B-](F)(F)O2)cc1,COC(C)=O,0.319992349,0.617140584
172,CN(C)c1ccc(C2=Cc3c4ccccc4cc[n+]3[B-](F)(F)O2)cc1,CC#N,0.374395537,0.588072449
173,CN(C)c1ccc(C2=Cc3c4ccccc4cc[n+]3[B-](F)(F)O2)cc1,CN(C)C=O,0.387463266,0.581202489
174,CN(C)c1ccc(C2=Cc3c4ccccc4cc[n+]3[B-](F)(F)O2)cc1,ClC(Cl)Cl,0.155293628,0.579989602
175,CN(C)c1ccc(C2=Cc3c4ccccc4cc[n+]3[B-](F)(F)O2)cc1,CO,0.317026295,0.613359593
176,CN(C)c1ccc(C2=Cc3c4ccccc4c4ccccc4[n+]3[B-](F)(F)O2)cc1,CC1CCCCC1,0.109100814,0.242314826
177,CN(C)c1ccc(C2=Cc3c4ccccc4c4ccccc4[n+]3[B-](F)(F)O2)cc1,CCOCC,0.169184794,0.572213246
178,CN(C)c1ccc(C2=Cc3c4ccccc4c4ccccc4[n+]3[B-](F)(F)O2)cc1,C1COCCO1,0.18894694,0.612594763
179,CN(C)c1ccc(C2=Cc3c4ccccc4c4ccccc4[n+]3[B-](F)(F)O2)cc1,CCOC(C)=O,0.293355688,0.625690997
180,CN(C)c1ccc(C2=Cc3c4ccccc4c4ccccc4[n+]3[B-](F)(F)O2)cc1,C1CCOC1,0.314741127,0.607311692
181,CN(C)c1ccc(C2=Cc3c4ccccc4c4ccccc4[n+]3[B-](F)(F)O2)cc1,COC(C)=O,0.405297269,0.562415238
182,CN(C)c1ccc(C2=Cc3c4ccccc4c4ccccc4[n+]3[B-](F)(F)O2)cc1,CC#N,0.44282316,0.537391528
183,CN(C)c1ccc(C2=Cc3c4ccccc4c4ccccc4[n+]3[B-](F)(F)O2)cc1,CN(C)C=O,0.455552887,0.535340067
184,CN(C)c1ccc(C2=Cc3c4ccccc4c4ccccc4[n+]3[B-](F)(F)O2)cc1,ClC(Cl)Cl,0.215371848,0.604438256
185,CN(C)c1ccc(C2=Cc3c4ccccc4c4ccccc4[n+]3[B-](F)(F)O2)cc1,CO,0.405302324,0.561599174
186,O=C1CCCc2c1[nH]c1cc3c(cc21)OCO3,CS(C)=O,0.161799651,0.015911547
187,O=C1CCCc2c1[nH]c1cc3c(cc21)OCO3,CC#N,0.162462679,0.015046837
188,O=C1CCCc2c1[nH]c1cc3c(cc21)OCO3,C1CCOC1,0.157435138,0.026325167
189,O=C1CCCc2c1[nH]c1cc3c(cc21)OCO3,CCOC(C)=O,0.164148453,0.012879638
190,O=C1CCCc2c1[nH]c1cc3c(cc21)OCO3,c1ccccc1,0.165355403,0.011339938
191,O=C1CCCc2c1[nH]c1cc3c(cc21)OCO3,O,0.140620196,0.149056199
192,O=C1CCCc2c1[nH]c1cc3c(cc21)OCO3,CCO,0.147754056,0.053626491
193,O=C1CCCc2c1[nH]c1cc3c(cc21)OCO3,CCCCCCO,0.150943648,0.041356655
194,c1ccc(-n2cccc2)cc1,CCCCCC,0.17387813,0.005011701
195,c1ccc(-n2cccc2)cc1,CC#N,0.171189815,0.0061183
196,Cc1ccc(-n2cccc2)cc1,CCCCCC,0.173348063,0.005070899
197,Cc1ccc(-n2cccc2)cc1,CC#N,0.173205082,0.005103229
198,COc1ccc(-n2cccc2)cc1,CCCCCC,0.172679166,0.005258034
199,COc1ccc(-n2cccc2)cc1,CC#N,0.172736817,0.005229245
200,CCN(CC)c1ccc(-n2cccc2)cc1,CCCCCC,0.17349321,0.005025939
201,CCN(CC)c1ccc(-n2cccc2)cc1,CC#N,0.173019485,0.005112015
202,Cc1ccc(C)n1-c1ccccc1,CCCCCC,0.165819949,0.011548419
203,Cc1ccc(C)n1-c1ccccc1,CC#N,0.154952063,0.094815921
204,Cc1ccc(-n2c(C)ccc2C)cc1,CCCCCC,0.168586376,0.008202468
205,Cc1ccc(-n2c(C)ccc2C)cc1,CC#N,0.15415984,0.085586486
206,COc1ccc(-n2c(C)ccc2C)cc1,CCCCCC,0.166643957,0.010489288
207,COc1ccc(-n2c(C)ccc2C)cc1,CC#N,0.153991772,0.100682277
208,Cc1ccc(C)n1-c1ccc(N(C)C)cc1,CCCCCC,0.171979577,0.005513682
209,Cc1ccc(C)n1-c1ccc(N(C)C)cc1,CC#N,0.170624849,0.006304366
210,CCN(CC)c1ccc(-n2c(C)ccc2C)cc1,CCCCCC,0.171997066,0.005512157
211,CCN(CC)c1ccc(-n2c(C)ccc2C)cc1,CC#N,0.170298564,0.006540371
212,CC1=CC(C)=[N+]2C1=C(c1ccc(I)cc1)c1c(C)cc(C)n1[B-]2(F)F,ClC(Cl)Cl,0.085831891,0.78467141
213,CO[B-]1(OC)n2c(C)cc(C)c2C(c2ccc(I)cc2)=C2C(C)=CC(C)=[N+]21,ClC(Cl)Cl,0.087862962,0.779908495
214,CCO[B-]1(OCC)n2c(C)cc(C)c2C(c2ccc(I)cc2)=C2C(C)=CC(C)=[N+]21,ClC(Cl)Cl,0.096039602,0.782592692
215,CC1=CC(C)=[N+]2C1=C(c1ccc(I)cc1)c1c(C)cc(C)n1[B-]2(OC(C)C)OC(C)C,ClC(Cl)Cl,0.088430401,0.780812307
216,CC1=CC(C)=[N+]2C1=C(c1ccc(I)cc1)c1c(C)cc(C)n1[B-]2(OCc1ccccc1)OCc1ccccc1,ClC(Cl)Cl,0.122083246,0.782569993
217,CC1=CC(C)=[N+]2C1=C(c1ccc(I)cc1)c1c(C)cc(C)n1[B-]2(Oc1ccccc1)Oc1ccccc1,ClC(Cl)Cl,0.087148653,0.779528994
218,COc1ccc(O[B-]2(Oc3ccc(OC)cc3)n3c(C)cc(C)c3C(c3ccc(I)cc3)=C3C(C)=CC(C)=[N+]32)cc1,ClC(Cl)Cl,0.096130061,0.779634261
219,CC1=CC(C)=[N+]2C1=C(c1ccc(I)cc1)c1c(C)cc(C)n1[B-]2(Oc1ccc(Cl)cc1)Oc1ccc(Cl)cc1,ClC(Cl)Cl,0.100601382,0.788660586
220,CC1=CC(C)=[N+]2C1=C(c1ccc(I)cc1)c1c(C)cc(C)n1[B-]2(Oc1ccc([N+](=O)[O-])cc1)Oc1ccc([N+](=O)[O-])cc1,ClC(Cl)Cl,0.078591398,0.777985052
221,CC1=CC(C)=[N+]2C1=C(c1ccc(I)cc1)c1c(C)cc(C)n1[B-]21Oc2ccc3ccccc3c2-c2c(ccc3ccccc23)O1,ClC(Cl)Cl,0.081549023,0.772158875
222,CC1=CC(C)=[N+]2C1=C(c1ccc(I)cc1)c1c(C)cc(C)n1[B-]21OCCO1,ClC(Cl)Cl,0.111321464,0.78470966
223,CC1=CC(C)=[N+]2C1=C(c1ccc(I)cc1)c1c(C)cc(C)n1[B-]2(O)O,ClC(Cl)Cl,0.121264272,0.78740395
224,CCCCCCCCCCCCCCCCCCC1=[N+]2C(=C(NCCS(=O)(=O)[O-])c3ccc(CCCCCCCCCCCCCCCCCC)n3[B-]2(F)F)C=C1.[Na+],CO,0.112480456,0.269813668
225,CCCCCCCCCCCCCCCCCCC1=[N+]2C(=C(NCCS(=O)(=O)[O-])c3ccc(CCCCCCCCCCCCCCCCCC)n3[B-]2(F)F)C=C1.[Na+],CC#N,0.122886982,0.18189733
226,CCCCCCCCCCCCCCCCCCC1=[N+]2C(=C(NCCS(=O)(=O)[O-])c3ccc(CCCCCCCCCCCCCCCCCC)n3[B-]2(F)F)C=C1.[Na+],CC(C)=O,0.126871687,0.166836276
227,CCCCCCCCCCCCCCCCCCC1=[N+]2C(=C(NCCS(=O)(=O)[O-])c3ccc(CCCCCCCCCCCCCCCCCC)n3[B-]2(F)F)C=C1.[Na+],CCO,0.114448259,0.248561343
228,CCCCCCCCCCCCCCCCCCC1=[N+]2C(=C(NCCS(=O)(=O)[O-])c3ccc(CCCCCCCCCCCCCCCCCC)n3[B-]2(F)F)C=C1.[Na+],CC(=O)O,0.112307569,0.357952236
229,CCCCCCCCCCCCCCCCCCC1=[N+]2C(=C(NCCS(=O)(=O)[O-])c3ccc(CCCCCCCCCCCCCCCCCC)n3[B-]2(F)F)C=C1.[Na+],CCOC(C)=O,0.118192487,0.200381679
230,CCCCCCCCCCCCCCCCCCC1=[N+]2C(=C(NCCS(=O)(=O)[O-])c3ccc(CCCCCCCCCCCCCCCCCC)n3[B-]2(F)F)C=C1.[Na+],CC(C)O,0.115724678,0.228024487
231,CCCCCCCCCCCCCCCCCCC1=[N+]2C(=C(NCCS(=O)(=O)[O-])c3ccc(CCCCCCCCCCCCCCCCCC)n3[B-]2(F)F)C=C1.[Na+],C1CCOC1,0.119007827,0.202144035
232,CCCCCCCCCCCCCCCCCCC1=[N+]2C(=C(NCCS(=O)(=O)[O-])c3ccc(CCCCCCCCCCCCCCCCCC)n3[B-]2(F)F)C=C1.[Na+],C1CCCCC1,0.181087305,0.305787785
233,CCCCCCCCCCCCCCCCCCC1=[N+]2C(=C(NCCS(=O)(=O)[O-])c3ccc(CCCCCCCCCCCCCCCCCC)n3[B-]2(F)F)C=C1.[Na+],CN(C)C=O,0.127058724,0.184281099
234,CCCCCCCCCCCCCCCCCCC1=[N+]2C(=C(NCCS(=O)(=O)[O-])c3ccc(CCCCCCCCCCCCCCCCCC)n3[B-]2(F)F)C=C1.[Na+],CS(C)=O,0.127405192,0.185185464
235,CCCCCCCCCCCCCCCCCCC1=[N+]2C(=C(NCCS(=O)(=O)[O-])c3ccc(CCCCCCCCCCCCCCCCCC)n3[B-]2(F)F)C=C1.[Na+],Cc1ccccc1,0.15856555,0.290696477
236,Cc1c2oc3c(C)c(N)cc(C(=O)NC4OC(=O)C(C(C)C)N(C)C(=O)CN(C)C(=O)C5CCCN5C(=O)C(C(C)C)NC4=O)c3nc-2c(C(=O)NC2OC(=O)C(C(C)C)N(C)C(=O)CN(C)C(=O)C3CCCN3C(=O)C(C(C)C)NC2=O)c(N)c1=O,CS(C)=O,0.661433588,0.338267946
237,Cc1c2oc3c(C)c(N)cc(C(=O)NC4OC(=O)C(C(C)C)N(C)C(=O)CN(C)C(=O)C5CCCN5C(=O)C(C(C)C)NC4=O)c3nc-2c(C(=O)NC2OC(=O)C(C(C)C)N(C)C(=O)CN(C)C(=O)C3CCCN3C(=O)C(C(C)C)NC2=O)c(N)c1=O,CN(C)C=O,0.654598084,0.345042809
238,Cc1c2oc3c(C)c(N)cc(C(=O)NC4OC(=O)C(C(C)C)N(C)C(=O)CN(C)C(=O)C5CCCN5C(=O)C(C(C)C)NC4=O)c3nc-2c(C(=O)NC2OC(=O)C(C(C)C)N(C)C(=O)CN(C)C(=O)C3CCCN3C(=O)C(C(C)C)NC2=O)c(N)c1=O,CO,0.686360908,0.313458015
239,Cc1c2oc3c(C)c(N)cc(C(=O)NC4OC(=O)C(C(C)C)N(C)C(=O)CN(C)C(=O)C5CCCN5C(=O)C(C(C)C)NC4=O)c3nc-2c(C(=O)NC2OC(=O)C(C(C)C)N(C)C(=O)CN(C)C(=O)C3CCCN3C(=O)C(C(C)C)NC2=O)c(N)c1=O,CCO,0.680743907,0.319045269
240,Cc1c2oc3c(C)c(N)cc(C(=O)NC4OC(=O)C(C(C)C)N(C)C(=O)CN(C)C(=O)C5CCCN5C(=O)C(C(C)C)NC4=O)c3nc-2c(C(=O)NC2OC(=O)C(C(C)C)N(C)C(=O)CN(C)C(=O)C3CCCN3C(=O)C(C(C)C)NC2=O)c(N)c1=O,CCCCO,0.672137114,0.327593083
241,Cc1c2oc3c(C)c(N)cc(C(=O)NC4OC(=O)C(C(C)C)N(C)C(=O)CN(C)C(=O)C5CCCN5C(=O)C(C(C)C)NC4=O)c3nc-2c(C(=O)NC2OC(=O)C(C(C)C)N(C)C(=O)CN(C)C(=O)C3CCCN3C(=O)C(C(C)C)NC2=O)c(N)c1=O,CCCO,0.681446542,0.318352957
242,Cc1c2oc3c(C)c(N)cc(C(=O)NC4OC(=O)C(C(C)C)N(C)C(=O)CN(C)C(=O)C5CCCN5C(=O)C(C(C)C)NC4=O)c3nc-2c(C(=O)NC2OC(=O)C(C(C)C)N(C)C(=O)CN(C)C(=O)C3CCCN3C(=O)C(C(C)C)NC2=O)c(N)c1=O,CC#N,0.622170934,0.377027044
243,Cc1c2oc3c(C)c(N)cc(C(=O)NC4OC(=O)C(C(C)C)N(C)C(=O)CN(C)C(=O)C5CCCN5C(=O)C(C(C)C)NC4=O)c3nc-2c(C(=O)NC2OC(=O)C(C(C)C)N(C)C(=O)CN(C)C(=O)C3CCCN3C(=O)C(C(C)C)NC2=O)c(N)c1=O,c1ccccc1,0.595242217,0.403368759
244,Cc1c2oc3c(C)c(N)cc(C(=O)NC4OC(=O)C(C(C)C)N(C)C(=O)CN(C)C(=O)C5CCCN5C(=O)C(C(C)C)NC4=O)c3nc-2c(C(=O)NC2OC(=O)C(C(C)C)N(C)C(=O)CN(C)C(=O)C3CCCN3C(=O)C(C(C)C)NC2=O)c(N)c1=O,Cc1ccccc1,0.582853921,0.415544667
245,Cc1c2oc3c(C)c(N)cc(C(=O)NC4OC(=O)C(C(C)C)N(C)C(=O)CN(C)C(=O)C5CCCN5C(=O)C(C(C)C)NC4=O)c3nc-2c(C(=O)NC2OC(=O)C(C(C)C)N(C)C(=O)CN(C)C(=O)C3CCCN3C(=O)C(C(C)C)NC2=O)c(N)c1=O,CCOC(C)=O,0.564933255,0.433622533
246,Cc1c2oc3c(C)c(N)cc(C(=O)NC4OC(=O)C(C(C)C)N(C)C(=O)CN(C)C(=O)C5CCCN5C(=O)C(C(C)C)NC4=O)c3nc-2c(C(=O)NC2OC(=O)C(C(C)C)N(C)C(=O)CN(C)C(=O)C3CCCN3C(=O)C(C(C)C)NC2=O)c(N)c1=O,CCCCOC(C)=O,0.606667895,0.392296936
247,Cc1c2oc3c(C)c(N)cc(C(=O)NC4OC(=O)C(C(C)C)N(C)C(=O)CN(C)C(=O)C5CCCN5C(=O)C(C(C)C)NC4=O)c3nc-2c(C(=O)NC2OC(=O)C(C(C)C)N(C)C(=O)CN(C)C(=O)C3CCCN3C(=O)C(C(C)C)NC2=O)c(N)c1=O,CC(C)=O,0.589341045,0.40953155
248,Cc1c2oc3c(C)c(N)cc(C(=O)NC4OC(=O)C(C(C)C)N(C)C(=O)CN(C)C(=O)C5CCCN5C(=O)C(C(C)C)NC4=O)c3nc-2c(C(=O)NC2OC(=O)C(C(C)C)N(C)C(=O)CN(C)C(=O)C3CCCN3C(=O)C(C(C)C)NC2=O)c(N)c1=O,ClCCCl,0.600507698,0.398689068
249,Cc1c2oc3c(C)c(N)cc(C(=O)NC4OC(=O)C(C(C)C)N(C)C(=O)CN(C)C(=O)C5CCCN5C(=O)C(C(C)C)NC4=O)c3nc-2c(C(=O)NC2OC(=O)C(C(C)C)N(C)C(=O)CN(C)C(=O)C3CCCN3C(=O)C(C(C)C)NC2=O)c(N)c1=O,CCN(CC)CC,0.552788158,0.445069509
250,Cc1c2oc3c(C)c(N)cc(C(=O)NC4OC(=O)C(C(C)C)N(C)C(=O)CN(C)C(=O)C5CCCN5C(=O)C(C(C)C)NC4=O)c3nc-2c(C(=O)NC2OC(=O)C(C(C)C)N(C)C(=O)CN(C)C(=O)C3CCCN3C(=O)C(C(C)C)NC2=O)c(N)c1=O,C1CCOC1,0.580011082,0.418539809
251,Cc1c2oc3c(C)c(N)cc(C(=O)NC4OC(=O)C(C(C)C)N(C)C(=O)CN(C)C(=O)C5CCCN5C(=O)C(C(C)C)NC4=O)c3nc-2c(C(=O)NC2OC(=O)C(C(C)C)N(C)C(=O)CN(C)C(=O)C3CCCN3C(=O)C(C(C)C)NC2=O)c(N)c1=O,c1ccncc1,0.669510026,0.330227911
252,Cc1c2oc3c(C)c(N)cc(C(=O)NC4OC(=O)C(C(C)C)N(C)C(=O)CN(C)C(=O)C5CCCN5C(=O)C(C(C)C)NC4=O)c3nc-2c(C(=O)NC2OC(=O)C(C(C)C)N(C)C(=O)CN(C)C(=O)C3CCCN3C(=O)C(C(C)C)NC2=O)c(N)c1=O,ClC(Cl)Cl,0.596328807,0.402376366
253,Cc1c2oc3c(C)c(N)cc(C(=O)NC4OC(=O)C(C(C)C)N(C)C(=O)CN(C)C(=O)C5CCCN5C(=O)C(C(C)C)NC4=O)c3nc-2c(C(=O)NC2OC(=O)C(C(C)C)N(C)C(=O)CN(C)C(=O)C3CCCN3C(=O)C(C(C)C)NC2=O)c(N)c1=O,CC(=O)O,0.577599363,0.418443017
254,Cc1c2oc3c(C)c(N)cc(C(=O)NC4OC(=O)C(C(C)C)N(C)C(=O)CN(C)C(=O)C5CCCN5C(=O)C(C(C)C)NC4=O)c3nc-2c(C(=O)NC2OC(=O)C(C(C)C)N(C)C(=O)CN(C)C(=O)C3CCCN3C(=O)C(C(C)C)NC2=O)c(N)c1=O,O=[N+]([O-])c1ccccc1,0.607468591,0.391543015
255,Cc1c2oc3c(C)c(N)cc(C(=O)NC4OC(=O)C(C(C)C)N(C)C(=O)CN(C)C(=O)C5CCCN5C(=O)C(C(C)C)NC4=O)c3nc-2c(C(=O)NC2OC(=O)C(C(C)C)N(C)C(=O)CN(C)C(=O)C3CCCN3C(=O)C(C(C)C)NC2=O)c(N)c1=O,O,0.685960226,0.313856336
256,Nc1ccc(/C=C/c2ccccc2)cc1,CCCCCC,0.167001349,0.009437757
257,Nc1ccc(/C=C/c2ccccc2)cc1,CC#N,0.1556137,0.027021503
258,CN(C)c1ccc(/C=C/c2ccccc2)cc1,CCCCCC,0.167928528,0.008479974
259,CN(C)c1ccc(/C=C/c2ccccc2)cc1,CC#N,0.148033029,0.046976875
260,C(=C/c1ccc(Nc2ccccc2)cc1)\c1ccccc1,CCCCCC,0.170649495,0.006169008
261,C(=C/c1ccc(Nc2ccccc2)cc1)\c1ccccc1,CC#N,0.15044369,0.038955169
262,CN(c1ccccc1)c1ccc(/C=C/c2ccccc2)cc1,CCCCCC,0.170410274,0.006286141
263,CN(c1ccccc1)c1ccc(/C=C/c2ccccc2)cc1,CC#N,0.142518213,0.090929521
264,C(=C/c1ccc(N(c2ccccc2)c2ccccc2)cc1)\c1ccccc1,CCCCCC,0.16937122,0.007007495
265,C(=C/c1ccc(N(c2ccccc2)c2ccccc2)cc1)\c1ccccc1,CC#N,0.139573183,0.089866067
266,Cc1cccc(C)c1Nc1ccc(/C=C/c2ccccc2)cc1,CCCCCC,0.168789559,0.007701457
267,Cc1cccc(C)c1Nc1ccc(/C=C/c2ccccc2)cc1,CC#N,0.155505043,0.027023323
268,C(=C/c1cccnc1)\c1ccc(Nc2ccccc2)cc1,CCCCCC,0.169986284,0.006607309
269,C(=C/c1cccnc1)\c1ccc(Nc2ccccc2)cc1,CC#N,0.138834636,0.086327602
270,C(=C/c1cccnc1)\c1ccc(N(c2ccccc2)c2ccccc2)cc1,CCCCCC,0.168057331,0.008057542
271,C(=C/c1cccnc1)\c1ccc(N(c2ccccc2)c2ccccc2)cc1,CC#N,0.135509389,0.203404995
272,Cc1cccc(C)c1Nc1ccc(/C=C/c2cccnc2)cc1,CCCCCC,0.168424652,0.007958287
273,Cc1cccc(C)c1Nc1ccc(/C=C/c2cccnc2)cc1,CC#N,0.142697236,0.064136819
274,C(=C/c1ccc2ccccc2c1)\c1ccc(Nc2ccccc2)cc1,CCCCCC,0.166992084,0.009322569
275,C(=C/c1ccc2ccccc2c1)\c1ccc(Nc2ccccc2)cc1,CC#N,0.139548516,0.089144294
276,C(=C/c1ccc2ccccc2c1)\c1ccc(N(c2ccccc2)c2ccccc2)cc1,CCCCCC,0.165782858,0.010300294
277,C(=C/c1ccc2ccccc2c1)\c1ccc(N(c2ccccc2)c2ccccc2)cc1,CC#N,0.144949961,0.30663404
278,Cc1cccc(C)c1Nc1ccc(/C=C/c2ccc3ccccc3c2)cc1,CCCCCC,0.167147517,0.009203682
279,Cc1cccc(C)c1Nc1ccc(/C=C/c2ccc3ccccc3c2)cc1,CC#N,0.142160478,0.080300868
280,CN(C)c1ccc(C(=O)c2ccccc2)cc1,C1CCCCC1,0.174182183,0.21763231
281,CN(C)c1ccc(C(=O)c2ccccc2)cc1,c1ccccc1,0.230848237,0.352325818
282,CN(C)c1ccc(C(=O)c2ccccc2)cc1,CC#N,0.48039045,0.481616553
283,CN(C)c1ccc(C(=O)c2ccccc2)cc1,CS(C)=O,0.479312747,0.476194638
284,CN(C)c1ccc(C(=O)c2ccccc2)cc1,CO,0.233165143,0.304488738
285,CCc1cc(CC)cc(-n2c3ccccc3c3cc4c(cc32)c2ccccc2n4-c2cc(CC)cc(CC)c2)c1,ClC(Cl)Cl,0.167753997,0.008146311
286,Cn1cc(-c2nc3ccccc3nc2C#Cc2ccccc2)c2ccccc21,ClCCl,0.170275836,0.525358105
287,COc1ccc(C#Cc2nc3ccccc3nc2-c2cn(C)c3ccccc23)cc1,ClCCl,0.164652003,0.477249012
288,Cn1cc(-c2nc3ccccc3nc2C#Cc2ccc(C#N)cc2)c2ccccc21,ClCCl,0.204654645,0.61157085
289,COc1ccc(C#Cc2nc3ccccc3nc2-c2ccn(-c3ccccc3)c2)cc1,ClCCl,0.131144518,0.179722074
290,COc1ccc(C#Cc2nc3ccccc3nc2-c2csc(OC)c2)cc1,ClCCl,0.163423642,0.506493925
291,COc1ccc(C#Cc2nc3ccccc3nc2-c2cn(C)c3ccccc23)cc1,Cc1ccccc1,0.129785216,0.125077771
292,COc1ccc(C#Cc2nc3ccccc3nc2-c2cn(C)c3ccccc23)cc1,C1CCOC1,0.135704185,0.312832867
293,COc1ccc(C#Cc2nc3ccccc3nc2-c2cn(C)c3ccccc23)cc1,CCOC(C)=O,0.138713287,0.322981884
294,COc1ccc(C#Cc2nc3ccccc3nc2-c2cn(C)c3ccccc23)cc1,CC(C)=O,0.187309802,0.541342517
295,COc1ccc(C#Cc2nc3ccccc3nc2-c2cn(C)c3ccccc23)cc1,CC#N,0.210821981,0.570284025
296,COc1ccc(C#Cc2nc3ccccc3nc2-c2cn(C)c3ccccc23)cc1,CC(C)O,0.231469138,0.542588953
297,COc1ccc(C#Cc2nc3ccccc3nc2-c2cn(C)c3ccccc23)cc1,CCO,0.248611749,0.546426278
298,COc1ccc(C#Cc2nc3ccccc3nc2-c2cn(C)c3ccccc23)cc1,CO,0.271410034,0.531152052
299,c1csc(-c2ccc(-c3ccc(-c4cccs4)s3)s2)c1,CCCCCCCCCCCCCC,0.133514075,0.185856352
300,COc1ccsc1-c1ccc(-c2ccc(-c3sccc3OC)s2)s1,CCCCCCCCCCCCCC,0.141010727,0.258221515
301,Cc1ccsc1-c1ccc(-c2ccc(-c3sccc3C)s2)s1,CCCCCCCCCCCCCC,0.133436935,0.178996501
302,CCCCCCCCCCc1cc(-c2cc(CCCCCCCCCC)c(-c3cccs3)s2)sc1-c1cccs1,CCCCCCCCCCCCCC,0.136173149,0.238617161
303,COc1cc2c(cc1/C=C/C(=C(C#N)C#N)c1ccccc1)c1ccccc1n2C,Cc1ccccc1,0.42667407,0.534682405
304,COc1cc2c(cc1/C=C/C(=C(C#N)C#N)c1ccccc1)c1ccccc1n2C,C1CCOC1,0.442093586,0.54459166
305,COc1cc2c(cc1/C=C/C(=C(C#N)C#N)c1ccccc1)c1ccccc1n2C,CCOC(C)=O,0.361530542,0.592681941
306,COc1cc2c(cc1/C=C/C(=C(C#N)C#N)c1ccccc1)c1ccccc1n2C,ClCCl,0.407983698,0.572593165
307,COc1cc2c(cc1/C=C/C(=C(C#N)C#N)c1ccccc1)c1ccccc1n2C,ClC(Cl)Cl,0.380735932,0.591496233
308,COc1cc2c(cc1/C=C/C(=C(C#N)C#N)c1ccccc1)c1ccccc1n2C,CC#N,0.518917864,0.476734532
309,COc1cc2c(cc1/C=C/C(=C(C#N)C#N)c1ccccc1)c1ccccc1n2C,CCO,0.470787519,0.521096486
310,COc1cc2c(cc1/C=C/C(=C(C#N)C#N)c1ccccc1)c1ccccc1n2C,CN(C)C=O,0.461880305,0.527951249
311,COc1cc2c(cc1/C=C/C(=C(C#N)C#N)c1ccccc1)c1ccccc1n2C,CS(C)=O,0.493323083,0.500771169
312,CCOc1cc2c(cc1/C=C/C(=C(C#N)C#N)c1ccccc1)c1ccccc1n2CC,Cc1ccccc1,0.247214453,0.549677587
313,CCOc1cc2c(cc1/C=C/C(=C(C#N)C#N)c1ccccc1)c1ccccc1n2CC,C1CCOC1,0.32340008,0.608160069
314,CCOc1cc2c(cc1/C=C/C(=C(C#N)C#N)c1ccccc1)c1ccccc1n2CC,CCOC(C)=O,0.301446781,0.617751147
315,CCOc1cc2c(cc1/C=C/C(=C(C#N)C#N)c1ccccc1)c1ccccc1n2CC,ClCCl,0.399413891,0.577684734
316,CCOc1cc2c(cc1/C=C/C(=C(C#N)C#N)c1ccccc1)c1ccccc1n2CC,ClC(Cl)Cl,0.362990892,0.600016944
317,CCOc1cc2c(cc1/C=C/C(=C(C#N)C#N)c1ccccc1)c1ccccc1n2CC,CC#N,0.446238939,0.541396232
318,CCOc1cc2c(cc1/C=C/C(=C(C#N)C#N)c1ccccc1)c1ccccc1n2CC,CCO,0.470196407,0.521221169
319,CCOc1cc2c(cc1/C=C/C(=C(C#N)C#N)c1ccccc1)c1ccccc1n2CC,CN(C)C=O,0.462681427,0.52801262
320,CCOc1cc2c(cc1/C=C/C(=C(C#N)C#N)c1ccccc1)c1ccccc1n2CC,CS(C)=O,0.471004384,0.521047092
321,COc1cc2c(cc1/C=C/C1=CC(=C(C#N)C#N)CC(C)(C)C1)c1ccccc1n2C,Cc1ccccc1,0.466197066,0.518952636
322,COc1cc2c(cc1/C=C/C1=CC(=C(C#N)C#N)CC(C)(C)C1)c1ccccc1n2C,C1CCOC1,0.576432563,0.421877857
323,COc1cc2c(cc1/C=C/C1=CC(=C(C#N)C#N)CC(C)(C)C1)c1ccccc1n2C,CCOC(C)=O,0.512780484,0.480748585
324,COc1cc2c(cc1/C=C/C1=CC(=C(C#N)C#N)CC(C)(C)C1)c1ccccc1n2C,ClCCl,0.592879319,0.405892981
325,COc1cc2c(cc1/C=C/C1=CC(=C(C#N)C#N)CC(C)(C)C1)c1ccccc1n2C,ClC(Cl)Cl,0.553649121,0.443775849
326,COc1cc2c(cc1/C=C/C1=CC(=C(C#N)C#N)CC(C)(C)C1)c1ccccc1n2C,CC#N,0.61451839,0.384706939
327,COc1cc2c(cc1/C=C/C1=CC(=C(C#N)C#N)CC(C)(C)C1)c1ccccc1n2C,CCO,0.628772765,0.370647533
328,COc1cc2c(cc1/C=C/C1=CC(=C(C#N)C#N)CC(C)(C)C1)c1ccccc1n2C,CN(C)C=O,0.640188504,0.359344711
329,COc1cc2c(cc1/C=C/C1=CC(=C(C#N)C#N)CC(C)(C)C1)c1ccccc1n2C,CS(C)=O,0.654992294,0.344657129
330,CCOc1cc2c(cc1/C=C/C1=CC(=C(C#N)C#N)CC(C)(C)C1)c1ccccc1n2CC,Cc1ccccc1,0.472340731,0.513841981
331,CCOc1cc2c(cc1/C=C/C1=CC(=C(C#N)C#N)CC(C)(C)C1)c1ccccc1n2CC,C1CCOC1,0.580211742,0.418240873
332,CCOc1cc2c(cc1/C=C/C1=CC(=C(C#N)C#N)CC(C)(C)C1)c1ccccc1n2CC,CCOC(C)=O,0.515632011,0.478173549
333,CCOc1cc2c(cc1/C=C/C1=CC(=C(C#N)C#N)CC(C)(C)C1)c1ccccc1n2CC,ClCCl,0.60102885,0.39795975
334,CCOc1cc2c(cc1/C=C/C1=CC(=C(C#N)C#N)CC(C)(C)C1)c1ccccc1n2CC,ClC(Cl)Cl,0.570176327,0.427805278
335,CCOc1cc2c(cc1/C=C/C1=CC(=C(C#N)C#N)CC(C)(C)C1)c1ccccc1n2CC,CC#N,0.634310303,0.365170803
336,CCOc1cc2c(cc1/C=C/C1=CC(=C(C#N)C#N)CC(C)(C)C1)c1ccccc1n2CC,CCO,0.640665696,0.358873029
337,CCOc1cc2c(cc1/C=C/C1=CC(=C(C#N)C#N)CC(C)(C)C1)c1ccccc1n2CC,CN(C)C=O,0.645198912,0.354373632
338,CCOc1cc2c(cc1/C=C/C1=CC(=C(C#N)C#N)CC(C)(C)C1)c1ccccc1n2CC,CS(C)=O,0.65793859,0.341729493
339,COc1cc2c(cc1C=C(C#N)C#N)c1ccccc1n2C,Cc1ccccc1,0.138382781,0.073726985
340,COc1cc2c(cc1C=C(C#N)C#N)c1ccccc1n2C,ClCCl,0.128648154,0.228343118
341,COc1cc2c(cc1C=C(C#N)C#N)c1ccccc1n2C,C1CCOC1,0.122814499,0.200523188
342,COc1cc2c(cc1C=C(C#N)C#N)c1ccccc1n2C,ClC(Cl)Cl,0.126472093,0.165473161
343,COc1cc2c(cc1C=C(C#N)C#N)c1ccccc1n2C,CCOC(C)=O,0.137716695,0.172511303
344,COc1cc2c(cc1C=C(C#N)C#N)c1ccccc1n2C,CO,0.28009586,0.441861307
345,COc1cc2c(cc1C=C(C#N)C#N)c1ccccc1n2C,CC#N,0.255732478,0.445443024
346,COc1cc2c(cc1C=C(C#N)C#N)c1ccccc1n2C,CN(C)C=O,0.29852173,0.453365453
347,COc1cc2c(cc1C=C(C#N)C#N)c1ccccc1n2C,CS(C)=O,0.308744174,0.490543436
348,CCOC(=O)/C(C#N)=C/c1cc2c3ccccc3n(C)c2cc1OC,Cc1ccccc1,0.147544812,0.040889283
349,CCOC(=O)/C(C#N)=C/c1cc2c3ccccc3n(C)c2cc1OC,ClCCl,0.127003305,0.149344418
350,CCOC(=O)/C(C#N)=C/c1cc2c3ccccc3n(C)c2cc1OC,C1CCOC1,0.135948692,0.083623489
351,CCOC(=O)/C(C#N)=C/c1cc2c3ccccc3n(C)c2cc1OC,ClC(Cl)Cl,0.12946892,0.122647873
352,CCOC(=O)/C(C#N)=C/c1cc2c3ccccc3n(C)c2cc1OC,CCOC(C)=O,0.137453444,0.085548981
353,CCOC(=O)/C(C#N)=C/c1cc2c3ccccc3n(C)c2cc1OC,CO,0.157189987,0.289981608
354,CCOC(=O)/C(C#N)=C/c1cc2c3ccccc3n(C)c2cc1OC,CC#N,0.143650958,0.282249845
355,CCOC(=O)/C(C#N)=C/c1cc2c3ccccc3n(C)c2cc1OC,CN(C)C=O,0.140623618,0.280328408
356,CCOC(=O)/C(C#N)=C/c1cc2c3ccccc3n(C)c2cc1OC,CS(C)=O,0.154809851,0.302411357
357,COc1cc2c(cc1/C=C(\C#N)c1nc3ccccc3s1)c1ccccc1n2C,Cc1ccccc1,0.160229946,0.349928861
358,COc1cc2c(cc1/C=C(\C#N)c1nc3ccccc3s1)c1ccccc1n2C,ClCCl,0.161760161,0.418513235
359,COc1cc2c(cc1/C=C(\C#N)c1nc3ccccc3s1)c1ccccc1n2C,C1CCOC1,0.146626522,0.406055843
360,COc1cc2c(cc1/C=C(\C#N)c1nc3ccccc3s1)c1ccccc1n2C,ClC(Cl)Cl,0.186209358,0.429921951
361,COc1cc2c(cc1/C=C(\C#N)c1nc3ccccc3s1)c1ccccc1n2C,CCOC(C)=O,0.16034911,0.341514081
362,COc1cc2c(cc1/C=C(\C#N)c1nc3ccccc3s1)c1ccccc1n2C,CO,0.185628256,0.502296551
363,COc1cc2c(cc1/C=C(\C#N)c1nc3ccccc3s1)c1ccccc1n2C,CC#N,0.175269525,0.50382907
364,COc1cc2c(cc1/C=C(\C#N)c1nc3ccccc3s1)c1ccccc1n2C,CN(C)C=O,0.148111598,0.528079438
365,COc1cc2c(cc1/C=C(\C#N)c1nc3ccccc3s1)c1ccccc1n2C,CS(C)=O,0.210032776,0.571835486
366,O=C1c2cccn2[B-](F)(F)[n+]2ccccc21,C1CCCCC1,0.339470063,0.598744764
367,O=C1c2cccn2[B-](F)(F)[n+]2ccccc21,Cc1ccccc1,0.447344865,0.535606971
368,O=C1c2cccn2[B-](F)(F)[n+]2ccccc21,C1COCCO1,0.483470528,0.505629756
369,O=C1c2cccn2[B-](F)(F)[n+]2ccccc21,ClC(Cl)Cl,0.367243262,0.585981816
370,O=C1c2cccn2[B-](F)(F)[n+]2ccccc21,CCOCC,0.42090611,0.553648761
371,O=C1c2cccn2[B-](F)(F)[n+]2ccccc21,C1CCOC1,0.47633906,0.511117567
372,O=C1c2cccn2[B-](F)(F)[n+]2ccccc21,ClCCl,0.420940443,0.553876427
373,O=C1c2cccn2[B-](F)(F)[n+]2ccccc21,CN(C)C=O,0.470312965,0.516300214
374,O=C1c2cccn2[B-](F)(F)[n+]2ccccc21,CC#N,0.473354662,0.513689943
375,O=C1c2cccn2[B-](F)(F)[n+]2ccccc21,CO,0.439060894,0.539739688
376,CC1=[N+]2C(=C(c3c4ccccc4cc4ccccc34)c3ccc(C)n3[B-]2(F)F)C=C1,CCCCCC,0.153016412,0.79456859
377,CC1=[N+]2C(=C(c3c4ccccc4cc4ccccc34)c3ccc(C)n3[B-]2(F)F)C=C1,C1CCOC1,0.275818755,0.563000141
378,CC1=[N+]2C(=C(c3c4ccccc4cc4ccccc34)c3ccc(C)n3[B-]2(F)F)C=C1,ClCCl,0.290182449,0.518071712
379,CC1=[N+]2C(=C(c3c4ccccc4cc4ccccc34)c3ccc(C)n3[B-]2(F)F)C=C1,ClC(Cl)Cl,0.176077112,0.740996521
380,CC1=[N+]2C(=C(c3c4ccccc4cc4ccccc34)c3ccc(C)n3[B-]2(F)F)C=C1,CO,0.170430199,0.759621384
381,CC1=[N+]2C(=C(c3c4ccccc4cc4ccccc34)c3ccc(C)n3[B-]2(F)F)C=C1,CS(C)=O,0.194651121,0.739564198
382,CC1=[N+]2C(=c3c4c5ccccc5cc5cccc(c6cc(C)n(c36)[B-]2(F)F)c54)C=C1,CCCCCC,0.70063335,0.299264089
383,CC1=[N+]2C(=c3c4c5ccccc5cc5cccc(c6cc(C)n(c36)[B-]2(F)F)c54)C=C1,C1CCOC1,0.704842818,0.295073788
384,CC1=[N+]2C(=c3c4c5ccccc5cc5cccc(c6cc(C)n(c36)[B-]2(F)F)c54)C=C1,ClCCl,0.695789782,0.304085076
385,CC1=[N+]2C(=c3c4c5ccccc5cc5cccc(c6cc(C)n(c36)[B-]2(F)F)c54)C=C1,ClC(Cl)Cl,0.698808947,0.301080126
386,CC1=[N+]2C(=c3c4c5ccccc5cc5cccc(c6cc(C)n(c36)[B-]2(F)F)c54)C=C1,CO,0.694209104,0.305658887
387,CC1=[N+]2C(=c3c4c5ccccc5cc5cccc(c6cc(C)n(c36)[B-]2(F)F)c54)C=C1,CS(C)=O,0.692181076,0.307677036
388,F[B-]1(F)n2cccc2C(c2ccccc2)=C2C=CC(N3CCOCC3)=[N+]21,CO,0.304278144,0.657837408
389,F[B-]1(F)n2cccc2C(c2ccccc2)=C2C=CC(N3CCOCC3)=[N+]21,CC#N,0.347176734,0.632019366
390,F[B-]1(F)n2cccc2C(c2ccccc2)=C2C=CC(N3CCOCC3)=[N+]21,CCOC(C)=O,0.348865915,0.606947499
391,F[B-]1(F)n2cccc2C(c2ccccc2)=C2C=CC(N3CCOCC3)=[N+]21,ClCCl,0.376466737,0.593365275
392,F[B-]1(F)n2cccc2C(c2ccccc2)=C2C=CC(N3CCOCC3)=[N+]21,CCCCCC,0.31044191,0.676437295
393,COc1ccc2n1[B-](F)(F)[N+]1=CC=CC1=C2c1ccccc1,CO,0.075684979,0.710130711
394,COc1ccc2n1[B-](F)(F)[N+]1=CC=CC1=C2c1ccccc1,CC#N,0.082892053,0.716474075
395,COc1ccc2n1[B-](F)(F)[N+]1=CC=CC1=C2c1ccccc1,CCOC(C)=O,0.084277834,0.731013673
396,COc1ccc2n1[B-](F)(F)[N+]1=CC=CC1=C2c1ccccc1,ClCCl,0.104958946,0.759509203
397,COc1ccc2n1[B-](F)(F)[N+]1=CC=CC1=C2c1ccccc1,CCCCCC,0.082558813,0.733621112
398,CCCSc1ccc2n1[B-](F)(F)[N+]1=CC=CC1=C2c1ccccc1,CO,0.526933236,0.472052567
399,CCCSc1ccc2n1[B-](F)(F)[N+]1=CC=CC1=C2c1ccccc1,CC#N,0.537831773,0.461243156
400,CCCSc1ccc2n1[B-](F)(F)[N+]1=CC=CC1=C2c1ccccc1,CCOC(C)=O,0.55870434,0.440514013
401,CCCSc1ccc2n1[B-](F)(F)[N+]1=CC=CC1=C2c1ccccc1,ClCCl,0.583932992,0.415431443
402,CCCSc1ccc2n1[B-](F)(F)[N+]1=CC=CC1=C2c1ccccc1,CCCCCC,0.555214466,0.444004785
403,F[B-]1(F)n2c(ccc2N2CCOCC2)C(c2ccccc2)=C2C=CC(N3CCOCC3)=[N+]21,CO,0.571807796,0.427375473
404,F[B-]1(F)n2c(ccc2N2CCOCC2)C(c2ccccc2)=C2C=CC(N3CCOCC3)=[N+]21,CC#N,0.600698667,0.398722657
405,F[B-]1(F)n2c(ccc2N2CCOCC2)C(c2ccccc2)=C2C=CC(N3CCOCC3)=[N+]21,CCOC(C)=O,0.58857566,0.410772281
406,F[B-]1(F)n2c(ccc2N2CCOCC2)C(c2ccccc2)=C2C=CC(N3CCOCC3)=[N+]21,ClCCl,0.592980197,0.406396734
407,F[B-]1(F)n2c(ccc2N2CCOCC2)C(c2ccccc2)=C2C=CC(N3CCOCC3)=[N+]21,CCCCCC,0.585520072,0.413839956
408,COC1=[N+]2C(=C(c3ccccc3)c3ccc(OC)n3[B-]2(F)F)C=C1,CO,0.671390999,0.328376283
409,COC1=[N+]2C(=C(c3ccccc3)c3ccc(OC)n3[B-]2(F)F)C=C1,CC#N,0.685314179,0.314515915
410,COC1=[N+]2C(=C(c3ccccc3)c3ccc(OC)n3[B-]2(F)F)C=C1,CCOC(C)=O,0.686702809,0.313133828
411,COC1=[N+]2C(=C(c3ccccc3)c3ccc(OC)n3[B-]2(F)F)C=C1,ClCCl,0.690582281,0.309271757
412,COC1=[N+]2C(=C(c3ccccc3)c3ccc(OC)n3[B-]2(F)F)C=C1,CCCCCC,0.679176777,0.320626259
413,CCCSC1=[N+]2C(=C(c3ccccc3)c3ccc(SCCC)n3[B-]2(F)F)C=C1,CO,0.562340619,0.436934362
414,CCCSC1=[N+]2C(=C(c3ccccc3)c3ccc(SCCC)n3[B-]2(F)F)C=C1,CC#N,0.551416946,0.447801854
415,CCCSC1=[N+]2C(=C(c3ccccc3)c3ccc(SCCC)n3[B-]2(F)F)C=C1,CCOC(C)=O,0.572426239,0.426894981
416,CCCSC1=[N+]2C(=C(c3ccccc3)c3ccc(SCCC)n3[B-]2(F)F)C=C1,ClCCl,0.582498741,0.416869095
417,CCCSC1=[N+]2C(=C(c3ccccc3)c3ccc(SCCC)n3[B-]2(F)F)C=C1,CCCCCC,0.557795602,0.441464027
418,N#CSc1ccc2n1[B-](F)(F)[N+]1=C(N3CCOCC3)C=CC1=C2c1ccccc1,CO,0.396505569,0.592212775
419,N#CSc1ccc2n1[B-](F)(F)[N+]1=C(N3CCOCC3)C=CC1=C2c1ccccc1,CC#N,0.386591513,0.599915054
420,N#CSc1ccc2n1[B-](F)(F)[N+]1=C(N3CCOCC3)C=CC1=C2c1ccccc1,CCOC(C)=O,0.398882377,0.592424986
421,N#CSc1ccc2n1[B-](F)(F)[N+]1=C(N3CCOCC3)C=CC1=C2c1ccccc1,ClCCl,0.408654213,0.584511838
422,N#CSc1ccc2n1[B-](F)(F)[N+]1=C(N3CCOCC3)C=CC1=C2c1ccccc1,CCCCCC,0.401574907,0.59168491
423,N#CSC1=CC2=C(c3ccccc3)c3ccc(SC#N)n3[B-](F)(F)[N+]2=C1N1CCOCC1,CO,0.516556372,0.481489955
424,N#CSC1=CC2=C(c3ccccc3)c3ccc(SC#N)n3[B-](F)(F)[N+]2=C1N1CCOCC1,CC#N,0.520453845,0.477233108
425,N#CSC1=CC2=C(c3ccccc3)c3ccc(SC#N)n3[B-](F)(F)[N+]2=C1N1CCOCC1,CCOC(C)=O,0.544791605,0.453933085
426,N#CSC1=CC2=C(c3ccccc3)c3ccc(SC#N)n3[B-](F)(F)[N+]2=C1N1CCOCC1,ClCCl,0.572853168,0.426352601
427,N#CSC1=CC2=C(c3ccccc3)c3ccc(SC#N)n3[B-](F)(F)[N+]2=C1N1CCOCC1,CCCCCC,0.530784735,0.467079631
428,COc1ccc2n1[B-](F)(F)[N+]1=C(SC#N)C=CC1=C2c1ccccc1,CO,0.161218629,0.764564217
429,COc1ccc2n1[B-](F)(F)[N+]1=C(SC#N)C=CC1=C2c1ccccc1,CC#N,0.167909794,0.76352433
430,COc1ccc2n1[B-](F)(F)[N+]1=C(SC#N)C=CC1=C2c1ccccc1,CCOC(C)=O,0.178599835,0.764334856
431,COc1ccc2n1[B-](F)(F)[N+]1=C(SC#N)C=CC1=C2c1ccccc1,ClCCl,0.189012242,0.763955506
432,COc1ccc2n1[B-](F)(F)[N+]1=C(SC#N)C=CC1=C2c1ccccc1,CCCCCC,0.190638644,0.768393187
433,CCCSc1ccc2n1[B-](F)(F)[N+]1=C(SC#N)C=CC1=C2c1ccccc1,CO,0.403771018,0.593030057
434,CCCSc1ccc2n1[B-](F)(F)[N+]1=C(SC#N)C=CC1=C2c1ccccc1,CC#N,0.43010886,0.567502484
435,CCCSc1ccc2n1[B-](F)(F)[N+]1=C(SC#N)C=CC1=C2c1ccccc1,CCOC(C)=O,0.429645694,0.568053661
436,CCCSc1ccc2n1[B-](F)(F)[N+]1=C(SC#N)C=CC1=C2c1ccccc1,ClCCl,0.442312017,0.555752945
437,CCCSc1ccc2n1[B-](F)(F)[N+]1=C(SC#N)C=CC1=C2c1ccccc1,CCCCCC,0.435105908,0.562937432
438,N#CSC1=CC2=C(c3ccccc3)c3ccc(N4CCOCC4)n3[B-](F)(F)[N+]2=C1N1CCOCC1,CO,0.585952795,0.413290724
439,N#CSC1=CC2=C(c3ccccc3)c3ccc(N4CCOCC4)n3[B-](F)(F)[N+]2=C1N1CCOCC1,CC#N,0.603596621,0.395769932
440,N#CSC1=CC2=C(c3ccccc3)c3ccc(N4CCOCC4)n3[B-](F)(F)[N+]2=C1N1CCOCC1,CCOC(C)=O,0.603456305,0.395927903
441,N#CSC1=CC2=C(c3ccccc3)c3ccc(N4CCOCC4)n3[B-](F)(F)[N+]2=C1N1CCOCC1,ClCCl,0.603372604,0.396028785
442,N#CSC1=CC2=C(c3ccccc3)c3ccc(N4CCOCC4)n3[B-](F)(F)[N+]2=C1N1CCOCC1,CCCCCC,0.596478097,0.402917401
443,N#CSC1=CC2=C(c3ccccc3)c3cc(SC#N)c(N4CCOCC4)n3[B-](F)(F)[N+]2=C1N1CCOCC1,CO,0.671390999,0.328376283
444,N#CSC1=CC2=C(c3ccccc3)c3cc(SC#N)c(N4CCOCC4)n3[B-](F)(F)[N+]2=C1N1CCOCC1,CC#N,0.685314179,0.314515915
445,N#CSC1=CC2=C(c3ccccc3)c3cc(SC#N)c(N4CCOCC4)n3[B-](F)(F)[N+]2=C1N1CCOCC1,CCOC(C)=O,0.686702809,0.313133828
446,N#CSC1=CC2=C(c3ccccc3)c3cc(SC#N)c(N4CCOCC4)n3[B-](F)(F)[N+]2=C1N1CCOCC1,ClCCl,0.690582281,0.309271757
447,N#CSC1=CC2=C(c3ccccc3)c3cc(SC#N)c(N4CCOCC4)n3[B-](F)(F)[N+]2=C1N1CCOCC1,CCCCCC,0.679176777,0.320626259
448,COC1=[N+]2C(=C(c3ccccc3)c3ccc(OC)n3[B-]2(F)F)C=C1SC#N,CO,0.269154868,0.701092564
449,COC1=[N+]2C(=C(c3ccccc3)c3ccc(OC)n3[B-]2(F)F)C=C1SC#N,CC#N,0.264029607,0.70328082
450,COC1=[N+]2C(=C(c3ccccc3)c3ccc(OC)n3[B-]2(F)F)C=C1SC#N,CCOC(C)=O,0.283402601,0.694834321
451,COC1=[N+]2C(=C(c3ccccc3)c3ccc(OC)n3[B-]2(F)F)C=C1SC#N,ClCCl,0.28539062,0.692078312
452,COC1=[N+]2C(=C(c3ccccc3)c3ccc(OC)n3[B-]2(F)F)C=C1SC#N,CCCCCC,0.264653865,0.716166502
453,COC1=[N+]2C(=C(c3ccccc3)c3cc(SC#N)c(OC)n3[B-]2(F)F)C=C1SC#N,CO,0.331203473,0.655284013
454,COC1=[N+]2C(=C(c3ccccc3)c3cc(SC#N)c(OC)n3[B-]2(F)F)C=C1SC#N,CC#N,0.349568248,0.639824574
455,COC1=[N+]2C(=C(c3ccccc3)c3cc(SC#N)c(OC)n3[B-]2(F)F)C=C1SC#N,CCOC(C)=O,0.367404381,0.624415127
456,COC1=[N+]2C(=C(c3ccccc3)c3cc(SC#N)c(OC)n3[B-]2(F)F)C=C1SC#N,ClCCl,0.36005451,0.631436942
457,COC1=[N+]2C(=C(c3ccccc3)c3cc(SC#N)c(OC)n3[B-]2(F)F)C=C1SC#N,CCCCCC,0.390351647,0.604132212
458,CCCSC1=[N+]2C(=C(c3ccccc3)c3ccc(SCCC)n3[B-]2(F)F)C=C1SC#N,CO,0.517481155,0.481112375
459,CCCSC1=[N+]2C(=C(c3ccccc3)c3ccc(SCCC)n3[B-]2(F)F)C=C1SC#N,CC#N,0.527556432,0.471185024
460,CCCSC1=[N+]2C(=C(c3ccccc3)c3ccc(SCCC)n3[B-]2(F)F)C=C1SC#N,CCOC(C)=O,0.547866963,0.451147508
461,CCCSC1=[N+]2C(=C(c3ccccc3)c3ccc(SCCC)n3[B-]2(F)F)C=C1SC#N,ClCCl,0.536879179,0.461962572
462,CCCSC1=[N+]2C(=C(c3ccccc3)c3ccc(SCCC)n3[B-]2(F)F)C=C1SC#N,CCCCCC,0.590330549,0.409037938
463,F[B-]1(F)n2c(Cl)ccc2C(c2c(Cl)cccc2Cl)=C2C=CC(NCc3ccccc3)=[N+]21,CO,0.234612711,0.691294108
464,F[B-]1(F)n2c(Cl)ccc2C(c2c(Cl)cccc2Cl)=C2C=CC(NCc3ccccc3)=[N+]21,CC#N,0.238474418,0.693856735
465,F[B-]1(F)n2c(Cl)ccc2C(c2c(Cl)cccc2Cl)=C2C=CC(NCc3ccccc3)=[N+]21,CCOC(C)=O,0.2386963,0.693471575
466,F[B-]1(F)n2c(Cl)ccc2C(c2c(Cl)cccc2Cl)=C2C=CC(NCc3ccccc3)=[N+]21,ClCCl,0.260689507,0.696240072
467,F[B-]1(F)n2c(Cl)ccc2C(c2c(Cl)cccc2Cl)=C2C=CC(NCc3ccccc3)=[N+]21,CCCCCC,0.264248966,0.697120297
468,F[B-]1(F)n2c(NCc3ccccc3)ccc2C(c2c(Cl)cccc2Cl)=C2C=CC(NCc3ccccc3)=[N+]21,CO,0.5773398,0.422003827
469,F[B-]1(F)n2c(NCc3ccccc3)ccc2C(c2c(Cl)cccc2Cl)=C2C=CC(NCc3ccccc3)=[N+]21,CC#N,0.567669625,0.431631173
470,F[B-]1(F)n2c(NCc3ccccc3)ccc2C(c2c(Cl)cccc2Cl)=C2C=CC(NCc3ccccc3)=[N+]21,CCOC(C)=O,0.577297074,0.422046211
471,F[B-]1(F)n2c(NCc3ccccc3)ccc2C(c2c(Cl)cccc2Cl)=C2C=CC(NCc3ccccc3)=[N+]21,ClCCl,0.587555739,0.411835169
472,F[B-]1(F)n2c(NCc3ccccc3)ccc2C(c2c(Cl)cccc2Cl)=C2C=CC(NCc3ccccc3)=[N+]21,CCCCCC,0.577275678,0.422067435
473,N#CSC1=CC2=C(c3c(Cl)cccc3Cl)c3cc(SC#N)c(NCc4ccccc4)n3[B-](F)(F)[N+]2=C1NCc1ccccc1,CO,0.711281588,0.288658859
474,N#CSC1=CC2=C(c3c(Cl)cccc3Cl)c3cc(SC#N)c(NCc4ccccc4)n3[B-](F)(F)[N+]2=C1NCc1ccccc1,CC#N,0.711281233,0.288658465
475,N#CSC1=CC2=C(c3c(Cl)cccc3Cl)c3cc(SC#N)c(NCc4ccccc4)n3[B-](F)(F)[N+]2=C1NCc1ccccc1,CCOC(C)=O,0.717066581,0.282894528
476,N#CSC1=CC2=C(c3c(Cl)cccc3Cl)c3cc(SC#N)c(NCc4ccccc4)n3[B-](F)(F)[N+]2=C1NCc1ccccc1,ClCCl,0.717146936,0.282813917
477,N#CSC1=CC2=C(c3c(Cl)cccc3Cl)c3cc(SC#N)c(NCc4ccccc4)n3[B-](F)(F)[N+]2=C1NCc1ccccc1,CCCCCC,0.71770388,0.282259387
478,CCc1c(C)c2n(c1C)[B-](F)(F)[N+]1=C(NCc3ccc(OC)cc3)C=CC1=C2C,CO,0.3122276,0.674118904
479,CCc1c(C)c2n(c1C)[B-](F)(F)[N+]1=C(NCc3ccc(OC)cc3)C=CC1=C2C,CC#N,0.298517431,0.685678044
480,CCc1c(C)c2n(c1C)[B-](F)(F)[N+]1=C(NCc3ccc(OC)cc3)C=CC1=C2C,CCOC(C)=O,0.318748266,0.668642171
481,CCc1c(C)c2n(c1C)[B-](F)(F)[N+]1=C(NCc3ccc(OC)cc3)C=CC1=C2C,ClCCl,0.328515932,0.661602628
482,CCc1c(C)c2n(c1C)[B-](F)(F)[N+]1=C(NCc3ccc(OC)cc3)C=CC1=C2C,CCCCCC,0.350615553,0.641048955
483,CCc1c(C)c2n(c1C)[B-](F)(F)[N+]1=C(NCc3ccc(OC)cc3)C(SC#N)=CC1=C2C,CO,0.526048134,0.472882851
484,CCc1c(C)c2n(c1C)[B-](F)(F)[N+]1=C(NCc3ccc(OC)cc3)C(SC#N)=CC1=C2C,CC#N,0.520486001,0.478380049
485,CCc1c(C)c2n(c1C)[B-](F)(F)[N+]1=C(NCc3ccc(OC)cc3)C(SC#N)=CC1=C2C,CCOC(C)=O,0.541724219,0.45734022
486,CCc1c(C)c2n(c1C)[B-](F)(F)[N+]1=C(NCc3ccc(OC)cc3)C(SC#N)=CC1=C2C,ClCCl,0.543390652,0.455731016
487,CCc1c(C)c2n(c1C)[B-](F)(F)[N+]1=C(NCc3ccc(OC)cc3)C(SC#N)=CC1=C2C,CCCCCC,0.559983297,0.439257967
488,CN(C)c1ccc(/C=C/C=C/c2ccc(C#N)cc2)cc1,CCCCCC,0.14881566,0.042566905
489,CN(C)c1ccc(/C=C/C=C/c2ccc(C#N)cc2)cc1,CCOCC,0.195614171,0.475282057
490,CN(C)c1ccc(/C=C/C=C/c2ccc(C#N)cc2)cc1,CC#N,0.486356583,0.494173012
491,Cc1cc(N(C)C)cc(C)c1/C=C/C=C/c1ccc(C#N)cc1,CCCCCC,0.145493819,0.069238565
492,Cc1cc(N(C)C)cc(C)c1/C=C/C=C/c1ccc(C#N)cc1,CCOCC,0.2907385,0.500216956
493,Cc1cc(N(C)C)cc(C)c1/C=C/C=C/c1ccc(C#N)cc1,CC#N,0.471596012,0.483549213
494,CN(C)c1ccc(/C=C/c2ccc(C#N)cc2)cc1,CCCCCC,0.162721113,0.013705365
495,CN(C)c1ccc(/C=C/c2ccc(C#N)cc2)cc1,CCCCOCCCC,0.140983477,0.068344025
496,CN(C)c1ccc(/C=C/c2ccc(C#N)cc2)cc1,CCOCC,0.12567439,0.17171585
497,CN(C)c1ccc(/C=C/c2ccc(C#N)cc2)cc1,C1CCOC1,0.149331562,0.404344095
498,CN(C)c1ccc(/C=C/c2ccc(C#N)cc2)cc1,CCCC#N,0.241598634,0.562525539
499,CN(C)c1ccc(/C=C/c2ccc(C#N)cc2)cc1,CCO,0.259829996,0.547461889
500,CN(C)c1ccc(/C=C/c2ccc(C#N)cc2)cc1,CC#N,0.280469487,0.579436077
501,CN(C)c1ccc(/C=C/C=C/c2ccc(C#N)cc2)cc1,CCCC#N,0.473329552,0.51164872
502,CN(C)c1ccc(C=C/C=C/C=C/c2ccc(C#N)cc2)cc1,CCCCCC,0.134735455,0.14424603
503,CN(C)c1ccc(C=C/C=C/C=C/c2ccc(C#N)cc2)cc1,CCCCOCCCC,0.339113401,0.539112854
504,CN(C)c1ccc(C=C/C=C/C=C/c2ccc(C#N)cc2)cc1,CCOCC,0.426507572,0.527845552
505,CN(C)c1ccc(C=C/C=C/C=C/c2ccc(C#N)cc2)cc1,C1CCOC1,0.532668516,0.458727875
506,CN(C)c1ccc(C=C/C=C/C=C/c2ccc(C#N)cc2)cc1,CCCC#N,0.583781027,0.412955874
507,CN(C)c1ccc(C=C/C=C/C=C/c2ccc(C#N)cc2)cc1,CCO,0.56263281,0.430983963
508,CN(C)c1ccc(C=C/C=C/C=C/c2ccc(C#N)cc2)cc1,CC#N,0.594148386,0.402789459
509,c1ccc2c(-n3c4ccccc4c4ccccc43)cccc2c1,C1CCCCC1,0.172218568,0.005301585
510,c1ccc2c(-n3c4ccccc4c4ccccc43)cccc2c1,Cc1ccccc1,0.170155437,0.006525973
511,c1ccc2c(-n3c4ccccc4c4ccccc43)cccc2c1,CCOCC,0.168324788,0.008040758
512,c1ccc2c(-n3c4ccccc4c4ccccc43)cccc2c1,CCOC(C)=O,0.166133564,0.010200859
513,c1ccc2c(-n3c4ccccc4c4ccccc43)cccc2c1,C1CCOC1,0.165762602,0.010613108
514,c1ccc2c(-n3c4ccccc4c4ccccc43)cccc2c1,ClC(Cl)Cl,0.165288119,0.011139927
515,c1ccc2c(-n3c4ccccc4c4ccccc43)cccc2c1,CC#N,0.156696019,0.028876455
516,c1ccc2c(-n3c4ccccc4c4ccccc43)cccc2c1,CCO,0.1622382,0.015583554
517,c1ccc2c(-n3c4ccccc4c4ccccc43)cccc2c1,CO,0.1605499,0.018540354
518,c1ccc2cc(-n3c4ccccc4c4ccccc43)ccc2c1,C1CCCCC1,0.173670913,0.004961033
519,c1ccc2cc(-n3c4ccccc4c4ccccc43)ccc2c1,Cc1ccccc1,0.17276487,0.005101224
520,c1ccc2cc(-n3c4ccccc4c4ccccc43)ccc2c1,CCOCC,0.171992816,0.005405441
521,c1ccc2cc(-n3c4ccccc4c4ccccc43)ccc2c1,CCOC(C)=O,0.170521553,0.006304093
522,c1ccc2cc(-n3c4ccccc4c4ccccc43)ccc2c1,C1CCOC1,0.169945944,0.006726768
523,c1ccc2cc(-n3c4ccccc4c4ccccc43)ccc2c1,ClC(Cl)Cl,0.168921271,0.007573559
524,c1ccc2cc(-n3c4ccccc4c4ccccc43)ccc2c1,CC#N,0.164844008,0.011919215
525,c1ccc2cc(-n3c4ccccc4c4ccccc43)ccc2c1,CCO,0.167500912,0.00891581
526,c1ccc2cc(-n3c4ccccc4c4ccccc43)ccc2c1,CO,0.166213189,0.01030966
527,c1ccc2c(-n3cnc4ccccc43)cccc2c1,C1CCCCC1,0.172636483,0.005172387
528,c1ccc2c(-n3cnc4ccccc43)cccc2c1,Cc1ccccc1,0.172554663,0.005199037
529,c1ccc2c(-n3cnc4ccccc43)cccc2c1,CCOCC,0.172383607,0.005259728
530,c1ccc2c(-n3cnc4ccccc43)cccc2c1,CCOC(C)=O,0.172383607,0.005259728
531,c1ccc2c(-n3cnc4ccccc43)cccc2c1,C1CCOC1,0.172554663,0.005199037
532,c1ccc2c(-n3cnc4ccccc43)cccc2c1,ClC(Cl)Cl,0.172294364,0.005293954
533,c1ccc2c(-n3cnc4ccccc43)cccc2c1,CC#N,0.172294364,0.005293954
534,c1ccc2c(-n3cnc4ccccc43)cccc2c1,CCO,0.172470372,0.005228119
535,c1ccc2c(-n3cnc4ccccc43)cccc2c1,CO,0.172470372,0.005228119
536,c1ccc2cc(-n3cnc4ccccc43)ccc2c1,C1CCCCC1,0.171328962,0.005743826
537,c1ccc2cc(-n3cnc4ccccc43)ccc2c1,Cc1ccccc1,0.171328962,0.005743826
538,c1ccc2cc(-n3cnc4ccccc43)ccc2c1,CCOCC,0.171090504,0.005882105
539,c1ccc2cc(-n3cnc4ccccc43)ccc2c1,CCOC(C)=O,0.171211172,0.005811114
540,c1ccc2cc(-n3cnc4ccccc43)ccc2c1,C1CCOC1,0.171328962,0.005743826
541,c1ccc2cc(-n3cnc4ccccc43)ccc2c1,ClC(Cl)Cl,0.171211172,0.005811114
542,c1ccc2cc(-n3cnc4ccccc43)ccc2c1,CC#N,0.171090504,0.005882105
543,c1ccc2cc(-n3cnc4ccccc43)ccc2c1,CCO,0.171090504,0.005882105
544,c1ccc2cc(-n3cnc4ccccc43)ccc2c1,CO,0.170966895,0.005956892
545,COc1ccc(-c2nc(C(C)=O)c(C)o2)cc1,CCOCC,0.168438009,0.008293891
546,COc1ccc(-c2nc(C(C)=O)c(C)o2)cc1,CCOC(C)=O,0.167969122,0.008769948
547,COc1ccc(-c2nc(C(C)=O)c(C)o2)cc1,ClCCl,0.167495915,0.009256617
548,COc1ccc(-c2nc(C(C)=O)c(C)o2)cc1,CC#N,0.168007512,0.008728476
549,COc1ccc(-c2nc(C(C)=O)c(C)o2)cc1,CCO,0.164731329,0.01302545
550,CC(=O)c1nc(-c2ccc(N(C)C)cc2)oc1C,CCOCC,0.168888206,0.007673057
551,CC(=O)c1nc(-c2ccc(N(C)C)cc2)oc1C,CCOC(C)=O,0.167326368,0.009220661
552,CC(=O)c1nc(-c2ccc(N(C)C)cc2)oc1C,CC#N,0.167533092,0.00892096
553,CC(=O)c1nc(-c2ccc(N(C)C)cc2)oc1C,CCO,0.16725543,0.009203875
554,CC(=O)c1nc(-c2ccc(N(c3ccccc3)c3ccccc3)cc2)oc1C,CCCCCC,0.164328831,0.01274943
555,CC(=O)c1nc(-c2ccc(N(c3ccccc3)c3ccccc3)cc2)oc1C,CCOCC,0.157080629,0.026546712
556,CC(=O)c1nc(-c2ccc(N(c3ccccc3)c3ccccc3)cc2)oc1C,CCOC(C)=O,0.153007065,0.039390222
557,CC(=O)c1nc(-c2ccc(N(c3ccccc3)c3ccccc3)cc2)oc1C,ClCCl,0.143602876,0.091986689
558,CC(=O)c1nc(-c2ccc(N(c3ccccc3)c3ccccc3)cc2)oc1C,CC#N,0.144707256,0.119119864
559,CC(=O)c1nc(-c2ccc(N(c3ccccc3)c3ccccc3)cc2)oc1C,CCO,0.152907009,0.198399551
560,Cc1cc(C)nc(N)n1,CCO,0.173290267,0.005044989
561,Cc1cc(C)nc(N)n1,CO,0.173137017,0.005075766
562,Cc1cc(C)nc(N)n1,O,0.172862359,0.005148247
563,F[B-]1(F)N(c2ccccc2)C=Cc2cccc[n+]21,C1CCOC1,0.340770707,0.515986096
564,F[B-]1(F)N(c2ccccc2)C=Cc2cccc[n+]21,CC#N,0.385315348,0.522463265
565,OB(O)c1ccc(-c2ccc(N(c3ccccc3)c3ccccc3)cc2)cc1,C1CCCCC1,0.168241411,0.008119307
566,OB(O)c1ccc(-c2ccc(N(c3ccccc3)c3ccccc3)cc2)cc1,CCOCC,0.163658023,0.013239724
567,OB(O)c1ccc(-c2ccc(N(c3ccccc3)c3ccccc3)cc2)cc1,C1CCOC1,0.158773901,0.021449065
568,OB(O)c1ccc(-c2ccc(N(c3ccccc3)c3ccccc3)cc2)cc1,CCO,0.15152561,0.046313706
569,OB(O)c1ccc(-c2ccc(N(c3ccccc3)c3ccccc3)cc2)cc1,CO,0.15011299,0.094990733
570,CCn1c(-c2ccc(OC)cc2)c(-c2ccc3ccccc3c2)c(-c2ccc3ccccc3c2)c1-c1ccc(OC)cc1,CCOC(C)=O,0.153822291,0.07500048
571,CCn1c(-c2ccc(N(c3ccccc3)c3cccc4ccccc34)cc2)c(-c2ccc3ccccc3c2)c(-c2ccc3ccccc3c2)c1-c1ccc(N(c2ccccc2)c2cccc3ccccc23)cc1,CCOC(C)=O,0.149329432,0.04752369
572,CCn1c(-c2ccc(-c3cccc4ccccc34)cc2)c(-c2ccc3ccccc3c2)c(-c2ccc3ccccc3c2)c1-c1ccc(-c2cccc3ccccc23)cc1,CCOC(C)=O,0.151997634,0.037488068
573,CCn1c(-c2ccc(-c3ccc4ccc5cccc6ccc3c4c56)cc2)c(-c2ccc3ccccc3c2)c(-c2ccc3ccccc3c2)c1-c1ccc(-c2ccc3ccc4cccc5ccc2c3c45)cc1,CCOC(C)=O,0.137859286,0.115433712
574,CCn1c(-c2ccc(-c3ccc4c(c3)C(C)(C)c3ccccc3-4)cc2)c(-c2ccc3ccccc3c2)c(-c2ccc3ccccc3c2)c1-c1ccc(-c2ccc3c(c2)C(C)(C)c2ccccc2-3)cc1,CCOC(C)=O,0.146040085,0.058938951
575,CCn1c(-c2ccc(-c3ccc4c(c3)C(c3ccccc3)(c3ccccc3)c3ccccc3-4)cc2)c(-c2ccc3ccccc3c2)c(-c2ccc3ccccc3c2)c1-c1ccc(-c2ccc3c(c2)C(c2ccccc2)(c2ccccc2)c2ccccc2-3)cc1,CCOC(C)=O,0.147810913,0.046754921
576,CCn1c(-c2ccc(-c3ccc4c(c3)C3(c5ccccc5-c5ccccc53)c3ccccc3-4)cc2)c(-c2ccc3ccccc3c2)c(-c2ccc3ccccc3c2)c1-c1ccc(-c2ccc3c(c2)C2(c4ccccc4-c4ccccc42)c2ccccc2-3)cc1,CCOC(C)=O,0.147916093,0.046123518
577,CCn1c(-c2ccc(OC)cc2)c(-c2ccc3ccccc3c2)c(-c2ccc3ccccc3c2)c1-c1ccc(OC)cc1,CCn1c(-c2ccc(OC)cc2)c(-c2ccc3ccccc3c2)c(-c2ccc3ccccc3c2)c1-c1ccc(OC)cc1,0.153712049,0.037423212
578,CCn1c(-c2ccc(N(c3ccccc3)c3cccc4ccccc34)cc2)c(-c2ccc3ccccc3c2)c(-c2ccc3ccccc3c2)c1-c1ccc(N(c2ccccc2)c2cccc3ccccc23)cc1,CCn1c(-c2ccc(N(c3ccccc3)c3cccc4ccccc34)cc2)c(-c2ccc3ccccc3c2)c(-c2ccc3ccccc3c2)c1-c1ccc(N(c2ccccc2)c2cccc3ccccc23)cc1,0.134236339,0.086295024
579,CCn1c(-c2ccc(-c3cccc4ccccc34)cc2)c(-c2ccc3ccccc3c2)c(-c2ccc3ccccc3c2)c1-c1ccc(-c2cccc3ccccc23)cc1,CCn1c(-c2ccc(-c3cccc4ccccc34)cc2)c(-c2ccc3ccccc3c2)c(-c2ccc3ccccc3c2)c1-c1ccc(-c2cccc3ccccc23)cc1,0.153540079,0.031810672
580,CCn1c(-c2ccc(-c3ccc4ccc5cccc6ccc3c4c56)cc2)c(-c2ccc3ccccc3c2)c(-c2ccc3ccccc3c2)c1-c1ccc(-c2ccc3ccc4cccc5ccc2c3c45)cc1,CCn1c(-c2ccc(-c3ccc4ccc5cccc6ccc3c4c56)cc2)c(-c2ccc3ccccc3c2)c(-c2ccc3ccccc3c2)c1-c1ccc(-c2ccc3ccc4cccc5ccc2c3c45)cc1,0.133791442,0.103396059
581,CCn1c(-c2ccc(-c3ccc4c(c3)C(C)(C)c3ccccc3-4)cc2)c(-c2ccc3ccccc3c2)c(-c2ccc3ccccc3c2)c1-c1ccc(-c2ccc3c(c2)C(C)(C)c2ccccc2-3)cc1,CCn1c(-c2ccc(-c3ccc4c(c3)C(C)(C)c3ccccc3-4)cc2)c(-c2ccc3ccccc3c2)c(-c2ccc3ccccc3c2)c1-c1ccc(-c2ccc3c(c2)C(C)(C)c2ccccc2-3)cc1,0.147088198,0.044504883
582,CCn1c(-c2ccc(-c3ccc4c(c3)C(c3ccccc3)(c3ccccc3)c3ccccc3-4)cc2)c(-c2ccc3ccccc3c2)c(-c2ccc3ccccc3c2)c1-c1ccc(-c2ccc3c(c2)C(c2ccccc2)(c2ccccc2)c2ccccc2-3)cc1,CCn1c(-c2ccc(-c3ccc4c(c3)C(c3ccccc3)(c3ccccc3)c3ccccc3-4)cc2)c(-c2ccc3ccccc3c2)c(-c2ccc3ccccc3c2)c1-c1ccc(-c2ccc3c(c2)C(c2ccccc2)(c2ccccc2)c2ccccc2-3)cc1,0.14722555,0.04233222
583,CCn1c(-c2ccc(-c3ccc4c(c3)C3(c5ccccc5-c5ccccc53)c3ccccc3-4)cc2)c(-c2ccc3ccccc3c2)c(-c2ccc3ccccc3c2)c1-c1ccc(-c2ccc3c(c2)C2(c4ccccc4-c4ccccc42)c2ccccc2-3)cc1,CCn1c(-c2ccc(-c3ccc4c(c3)C3(c5ccccc5-c5ccccc53)c3ccccc3-4)cc2)c(-c2ccc3ccccc3c2)c(-c2ccc3ccccc3c2)c1-c1ccc(-c2ccc3c(c2)C2(c4ccccc4-c4ccccc42)c2ccccc2-3)cc1,0.147263317,0.043615796
584,O=c1c(Nc2ccccc2)c([O-])c1=[NH+]c1ccccc1,O,0.301428468,0.3367172
585,O=c1c(Nc2ccccc2)c([O-])c1=[NH+]c1ccccc1,CS(C)=O,0.257062912,0.369006305
586,O=c1c(Nc2ccccc2)c([O-])c1=[NH+]c1ccccc1,CC#N,0.260043073,0.341018476
587,O=c1c(Nc2ccccc2)c([O-])c1=[NH+]c1ccccc1,CN(C)C=O,0.211127601,0.391210629
588,O=c1c(Nc2ccccc2)c([O-])c1=[NH+]c1ccccc1,CN1CCCC1=O,0.213385306,0.347472397
589,O=c1c(Nc2ccccc2)c([O-])c1=[NH+]c1ccccc1,CO,0.26578722,0.344271015
590,O=c1c(Nc2ccccc2)c([O-])c1=[NH+]c1ccccc1,CCO,0.261365697,0.332190708
591,O=c1c(Nc2ccccc2)c([O-])c1=[NH+]c1ccccc1,CC(C)=O,0.256931737,0.328444267
592,O=c1c(Nc2ccccc2)c([O-])c1=[NH+]c1ccccc1,C1CCOC1,0.289022021,0.322182334
593,O=c1c(Nc2ccccc2)c([O-])c1=[NH+]c1ccccc1,CCOCC,0.263614203,0.320327493
594,c1ccc(-c2cc(-c3ccc(N(c4ccccc4)c4ccccc4)cc3)cc(-c3ccccc3)n2)cc1,CCCCCC,0.169545739,0.006884548
595,c1ccc(-c2cc(-c3ccc(N(c4ccccc4)c4ccccc4)cc3)cc(-c3ccccc3)n2)cc1,ClCCl,0.134198039,0.200772573
596,c1ccc(-c2cc(-c3ccc(N(c4ccccc4)c4ccccc4)cc3)cc(-c3ccccc3)n2)cc1,CC#N,0.163099662,0.31197404
597,c1ccc(-c2cc(-c3ccc(N(c4ccccc4)c4ccccc4)cc3)cc(-c3ccccc3)n2)cc1,CCO,0.209560288,0.416954435
598,c1ccc(-c2cc(-c3ccc(N(c4ccccc4)c4ccccc4)cc3)cc(-c3ccccc3)n2)cc1,CO,0.284424752,0.477836875
599,CCCCN1C(=O)C(=CC=C2N(CCCC)c3ccccc3N2CCCC)C(=O)N(CCCC)C1=S,CCCCCC,0.073475185,0.255341633
600,CCCCN1C(=O)C(=CC=C2N(CCCC)c3ccccc3N2CCCC)C(=O)N(CCCC)C1=S,Cc1ccccc1,0.071340478,0.292970931
601,CCCCN1C(=O)C(=CC=C2N(CCCC)c3ccccc3N2CCCC)C(=O)N(CCCC)C1=S,ClC(Cl)Cl,0.076766678,0.27599445
602,CCCCN1C(=O)C(=CC=C2N(CCCC)c3ccccc3N2CCCC)C(=O)N(CCCC)C1=S,ClCCl,0.084900545,0.227367791
603,CCCCN1C(=O)C(=CC=C2N(CCCC)c3ccccc3N2CCCC)C(=O)N(CCCC)C1=S,CN(C)C=O,0.096007777,0.173492124
604,CCCCN1C(=O)C(=CC=C2N(CCCC)c3ccccc3N2CCCC)C(=O)N(CCCC)C1=S,CCO,0.107098556,0.134207057
605,CCCCN1C(=O)C(=C/C=C/C=C2N(CCCC)c3ccccc3N2CCCC)C(=O)N(CCCC)C1=S,CCCCCC,0.592131738,0.407279274
606,CCCCN1C(=O)C(=C/C=C/C=C2N(CCCC)c3ccccc3N2CCCC)C(=O)N(CCCC)C1=S,Cc1ccccc1,0.605706984,0.393763784
607,CCCCN1C(=O)C(=C/C=C/C=C2N(CCCC)c3ccccc3N2CCCC)C(=O)N(CCCC)C1=S,ClC(Cl)Cl,0.560366215,0.43888127
608,CCCCN1C(=O)C(=C/C=C/C=C2N(CCCC)c3ccccc3N2CCCC)C(=O)N(CCCC)C1=S,ClCCl,0.549582009,0.449598592
609,CCCCN1C(=O)C(=C/C=C/C=C2N(CCCC)c3ccccc3N2CCCC)C(=O)N(CCCC)C1=S,CN(C)C=O,0.509662373,0.489105906
610,CCCCN1C(=O)C(=C/C=C/C=C2N(CCCC)c3ccccc3N2CCCC)C(=O)N(CCCC)C1=S,CCO,0.468947443,0.529140926
611,CCCCN1C(=O)C(=C/C=C/C=C/C=C2N(CCCC)c3ccccc3N2CCCC)C(=O)N(CCCC)C1=S,Cc1ccccc1,0.734487363,0.265512637
612,CCCCN1C(=O)C(=C/C=C/C=C/C=C2N(CCCC)c3ccccc3N2CCCC)C(=O)N(CCCC)C1=S,ClC(Cl)Cl,0.733507019,0.266492926
613,CCCCN1C(=O)C(=C/C=C/C=C/C=C2N(CCCC)c3ccccc3N2CCCC)C(=O)N(CCCC)C1=S,ClCCl,0.732892636,0.26710715
614,CCCCN1C(=O)C(=C/C=C/C=C/C=C2N(CCCC)c3ccccc3N2CCCC)C(=O)N(CCCC)C1=S,CN(C)C=O,0.730393797,0.26960315
615,CCCCN1C(=O)C(=C/C=C/C=C/C=C2N(CCCC)c3ccccc3N2CCCC)C(=O)N(CCCC)C1=S,CC#N,0.729759763,0.270236079
616,CCCCN1C(=O)C(=C/C=C/C=C/C=C2N(CCCC)c3ccccc3N2CCCC)C(=O)N(CCCC)C1=S,CCO,0.728819332,0.271174675
617,CCCCN1C(=O)C(=C/C=C/C=C/C=C2N(CCCC)c3ccccc3N2CCCC)C(=O)N(CCCC)C1=S,CO,0.727898665,0.272093371
618,CCCCN1C(=O)C(=C/C=C/C=C/C=C2N(CCCC)c3ccccc3N2CCCC)C(=O)N(CCCC)C1=S,OCC(F)(F)F,0.715639916,0.28431337
619,Cc1cc(C2=Cc3cccc[n+]3[B-](F)(F)O2)ccc1N(C)C,ClC(Cl)Cl,0.137965266,0.322872809
620,F[B-]1(F)OC(c2ccc(N3CCCCC3)cc2)=Cc2cccc[n+]21,ClC(Cl)Cl,0.147931041,0.405227374
621,CN(C)c1ccc(C2=Cc3cccc[n+]3[B-](F)(F)O2)cc1,ClC(Cl)Cl,0.131381497,0.311698156
622,CN1CCc2cc(C3=Cc4cccc[n+]4[B-](F)(F)O3)ccc21,ClC(Cl)Cl,0.200724455,0.546418394
623,F[B-]1(F)OC(c2ccc(N3CCCC3)cc2)=Cc2cccc[n+]21,ClC(Cl)Cl,0.155260332,0.369463329
624,CN1CCCc2cc(C3=Cc4cccc[n+]4[B-](F)(F)O3)ccc21,ClC(Cl)Cl,0.189494833,0.471386699
625,F[B-]1(F)OC(c2cc3c4c(c2)CCCN4CCC3)=Cc2cccc[n+]21,ClC(Cl)Cl,0.260546851,0.559982073
